id,name,with_gov,possible,gover,last_group_abbreviation,region_name_cs,photo_url
6441,Jaroslav Bžoch,277,452,61.3,ANO,Ústecký,https://www.psp.cz/eknih/cdrom/2021ps/eknih/2021ps/poslanci/i6441.jpg
6448,Milan Feranec,312,539,57.9,ANO,Olomoucký,https://www.psp.cz/eknih/cdrom/2021ps/eknih/2021ps/poslanci/i6448.jpg
6150,Andrej Babiš,26,45,57.8,ANO,Ústecký,https://www.psp.cz/eknih/cdrom/2021ps/eknih/2021ps/poslanci/i6150.jpg
6451,Stanislav Fridrich,242,421,57.5,ANO,Moravskoslezský,https://www.psp.cz/eknih/cdrom/2021ps/eknih/2021ps/poslanci/i6451.jpg
6246,Josef Kott,398,703,56.6,ANO,Vysočina,https://www.psp.cz/eknih/cdrom/2021ps/eknih/2021ps/poslanci/i6246.jpg
6215,Roman Kubíček,406,730,55.6,ANO,Jihočeský,https://www.psp.cz/eknih/cdrom/2021ps/eknih/2021ps/poslanci/i6215.jpg
6509,Robert Králíček,369,664,55.6,ANO,Hlavní město Praha,https://www.psp.cz/eknih/cdrom/2021ps/eknih/2021ps/poslanci/i6509.jpg
6409,František Petrtýl,390,715,54.5,ANO,Středočeský,https://www.psp.cz/eknih/cdrom/2021ps/eknih/2021ps/poslanci/i6409.jpg
6463,Aleš Juchelka,347,640,54.2,ANO,Moravskoslezský,https://www.psp.cz/eknih/cdrom/2021ps/eknih/2021ps/poslanci/i6463.jpg
6730,Lubomír Wenzl,396,732,54.1,ANO,Jihomoravský,https://www.psp.cz/eknih/cdrom/2021ps/eknih/2021ps/poslanci/i6730.jpg
6527,David Pražák,363,673,53.9,ANO,Liberecký,https://www.psp.cz/eknih/cdrom/2021ps/eknih/2021ps/poslanci/i6527.jpg
6770,Renata Oulehlová,336,627,53.6,ANO,Karlovarský,https://www.psp.cz/eknih/cdrom/2021ps/eknih/2021ps/poslanci/i6770.jpg
6623,Ondřej Babka,360,673,53.5,ANO,Jihočeský,https://www.psp.cz/eknih/cdrom/2021ps/eknih/2021ps/poslanci/i6623.jpg
6758,Igor Hendrych,324,607,53.4,ANO,Moravskoslezský,https://www.psp.cz/eknih/cdrom/2021ps/eknih/2021ps/poslanci/i6758.jpg
6202,Jaroslava Pokorná Jermanová,240,451,53.2,ANO,Středočeský,https://www.psp.cz/eknih/cdrom/2021ps/eknih/2021ps/poslanci/i6202.jpg
6732,Ivana Mádlová,291,548,53.1,ANO,Plzeňský,https://www.psp.cz/eknih/cdrom/2021ps/eknih/2021ps/poslanci/i6732.jpg
6544,Lubomír Metnar,360,680,52.9,ANO,Moravskoslezský,https://www.psp.cz/eknih/cdrom/2021ps/eknih/2021ps/poslanci/i6544.jpg
6743,Robert Stržínek,362,685,52.8,ANO,Zlínský,https://www.psp.cz/eknih/cdrom/2021ps/eknih/2021ps/poslanci/i6743.jpg
6431,Lenka Dražilová,242,462,52.4,ANO,Jihomoravský,https://www.psp.cz/eknih/cdrom/2021ps/eknih/2021ps/poslanci/i6431.jpg
6165,Radek Vondráček,298,569,52.4,ANO,Zlínský,https://www.psp.cz/eknih/cdrom/2021ps/eknih/2021ps/poslanci/i6165.jpg
6500,Jan Richter,248,475,52.2,ANO,Ústecký,https://www.psp.cz/eknih/cdrom/2021ps/eknih/2021ps/poslanci/i6500.jpg
6505,Julius Špičák,225,433,52.0,ANO,Středočeský,https://www.psp.cz/eknih/cdrom/2021ps/eknih/2021ps/poslanci/i6505.jpg
6254,Věra Adámková,275,530,51.9,ANO,Hlavní město Praha,https://www.psp.cz/eknih/cdrom/2021ps/eknih/2021ps/poslanci/i6254.jpg
6201,Miloslav Janulík,281,543,51.7,ANO,Jihomoravský,https://www.psp.cz/eknih/cdrom/2021ps/eknih/2021ps/poslanci/i6201.jpg
6756,Tomáš Helebrant,394,766,51.4,ANO,Středočeský,https://www.psp.cz/eknih/cdrom/2021ps/eknih/2021ps/poslanci/i6756.jpg
6533,Marek Novák,387,757,51.1,ANO,Zlínský,https://www.psp.cz/eknih/cdrom/2021ps/eknih/2021ps/poslanci/i6533.jpg
6471,Jana Mračková Vildumetzová,286,561,51.0,ANO,Karlovarský,https://www.psp.cz/eknih/cdrom/2021ps/eknih/2021ps/poslanci/i6471.jpg
6184,Richard Brabec,400,787,50.8,ANO,Jihočeský,https://www.psp.cz/eknih/cdrom/2021ps/eknih/2021ps/poslanci/i6184.jpg
6545,Alena Schillerová,380,748,50.8,ANO,Jihomoravský,https://www.psp.cz/eknih/cdrom/2021ps/eknih/2021ps/poslanci/i6545.jpg
6492,Ivo Vondrák,244,482,50.6,ANO,Moravskoslezský,https://www.psp.cz/eknih/cdrom/2021ps/eknih/2021ps/poslanci/i6492.jpg
6506,Tomáš Kohoutek,298,589,50.6,ANO,Ústecký,https://www.psp.cz/eknih/cdrom/2021ps/eknih/2021ps/poslanci/i6506.jpg
6447,Kamal Farhan,396,784,50.5,ANO,Plzeňský,https://www.psp.cz/eknih/cdrom/2021ps/eknih/2021ps/poslanci/i6447.jpg
6428,Andrea Babišová,225,447,50.3,ANO,Moravskoslezský,https://www.psp.cz/eknih/cdrom/2021ps/eknih/2021ps/poslanci/i6428.jpg
6723,Jana Berkovcová,308,612,50.3,ANO,Královéhradecký,https://www.psp.cz/eknih/cdrom/2021ps/eknih/2021ps/poslanci/i6723.jpg
6725,Lubomír Brož,373,748,49.9,ANO,Hlavní město Praha,https://www.psp.cz/eknih/cdrom/2021ps/eknih/2021ps/poslanci/i6725.jpg
6474,Zuzana Ožanová,347,699,49.6,ANO,Moravskoslezský,https://www.psp.cz/eknih/cdrom/2021ps/eknih/2021ps/poslanci/i6474.jpg
6782,Drahoslav Ryba,391,788,49.6,ANO,Vysočina,https://www.psp.cz/eknih/cdrom/2021ps/eknih/2021ps/poslanci/i6782.jpg
6534,Jiří Mašek,303,612,49.5,ANO,Královéhradecký,https://www.psp.cz/eknih/cdrom/2021ps/eknih/2021ps/poslanci/i6534.jpg
6457,Eva Fialová,295,596,49.5,ANO,Ústecký,https://www.psp.cz/eknih/cdrom/2021ps/eknih/2021ps/poslanci/i6457.jpg
6475,Monika Oborná,337,681,49.5,ANO,Vysočina,https://www.psp.cz/eknih/cdrom/2021ps/eknih/2021ps/poslanci/i6475.jpg
6468,Taťána Malá,360,728,49.5,ANO,Jihomoravský,https://www.psp.cz/eknih/cdrom/2021ps/eknih/2021ps/poslanci/i6468.jpg
6211,Martin Kolovratník,244,494,49.4,ANO,Pardubický,https://www.psp.cz/eknih/cdrom/2021ps/eknih/2021ps/poslanci/i6211.jpg
6143,Stanislav Berkovec,391,792,49.4,ANO,Středočeský,https://www.psp.cz/eknih/cdrom/2021ps/eknih/2021ps/poslanci/i6143.jpg
6753,Jana Hanzlíková,353,716,49.3,ANO,Pardubický,https://www.psp.cz/eknih/cdrom/2021ps/eknih/2021ps/poslanci/i6753.jpg
6775,Lenka Knechtová,349,708,49.3,ANO,Jihomoravský,https://www.psp.cz/eknih/cdrom/2021ps/eknih/2021ps/poslanci/i6775.jpg
6430,Klára Dostálová,334,679,49.2,ANO,Královéhradecký,https://www.psp.cz/eknih/cdrom/2021ps/eknih/2021ps/poslanci/i6430.jpg
6738,Hubert Lang,365,744,49.1,ANO,Plzeňský,https://www.psp.cz/eknih/cdrom/2021ps/eknih/2021ps/poslanci/i6738.jpg
6520,Pavel Růžička,284,579,49.1,ANO,Ústecký,https://www.psp.cz/eknih/cdrom/2021ps/eknih/2021ps/poslanci/i6520.jpg
6225,Jana Pastuchová,238,487,48.9,ANO,Liberecký,https://www.psp.cz/eknih/cdrom/2021ps/eknih/2021ps/poslanci/i6225.jpg
6736,Martin Kukla,380,780,48.7,ANO,Vysočina,https://www.psp.cz/eknih/cdrom/2021ps/eknih/2021ps/poslanci/i6736.jpg
6458,Ivan Jáč,240,497,48.3,ANO,Liberecký,https://www.psp.cz/eknih/cdrom/2021ps/eknih/2021ps/poslanci/i6458.jpg
6523,Michal Ratiborský,302,628,48.1,ANO,Moravskoslezský,https://www.psp.cz/eknih/cdrom/2021ps/eknih/2021ps/poslanci/i6523.jpg
6484,David Štolpa,325,680,47.8,ANO,Jihomoravský,https://www.psp.cz/eknih/cdrom/2021ps/eknih/2021ps/poslanci/i6484.jpg
6749,Romana Fischerová,302,633,47.7,ANO,Středočeský,https://www.psp.cz/eknih/cdrom/2021ps/eknih/2021ps/poslanci/i6749.jpg
6185,Milan Brázdil,258,546,47.3,ANO,Olomoucký,https://www.psp.cz/eknih/cdrom/2021ps/eknih/2021ps/poslanci/i6185.jpg
6511,Jan Kubík,276,586,47.1,ANO,Jihočeský,https://www.psp.cz/eknih/cdrom/2021ps/eknih/2021ps/poslanci/i6511.jpg
6515,Jiří Strýček,315,669,47.1,ANO,Moravskoslezský,https://www.psp.cz/eknih/cdrom/2021ps/eknih/2021ps/poslanci/i6515.jpg
6490,Petr Vrána,284,608,46.7,ANO,Olomoucký,https://www.psp.cz/eknih/cdrom/2021ps/eknih/2021ps/poslanci/i6490.jpg
6166,Jan Volný,272,586,46.4,ANO,Plzeňský,https://www.psp.cz/eknih/cdrom/2021ps/eknih/2021ps/poslanci/i6166.jpg
6172,Ladislav Okleštěk,330,711,46.4,ANO,Olomoucký,https://www.psp.cz/eknih/cdrom/2021ps/eknih/2021ps/poslanci/i6172.jpg
6621,Karel Havlíček,279,602,46.3,ANO,Středočeský,https://www.psp.cz/eknih/cdrom/2021ps/eknih/2021ps/poslanci/i6621.jpg
6518,Petr Sadovský,319,689,46.3,ANO,Královéhradecký,https://www.psp.cz/eknih/cdrom/2021ps/eknih/2021ps/poslanci/i6518.jpg
6158,Karel Rais,309,668,46.3,ANO,Jihomoravský,https://www.psp.cz/eknih/cdrom/2021ps/eknih/2021ps/poslanci/i6158.jpg
6240,Karel Tureček,242,535,45.2,ANO,Jihočeský,https://www.psp.cz/eknih/cdrom/2021ps/eknih/2021ps/poslanci/i6240.jpg
6780,Berenika Peštová,285,644,44.3,ANO,Ústecký,https://www.psp.cz/eknih/cdrom/2021ps/eknih/2021ps/poslanci/i6780.jpg
6177,Margita Balaštíková,278,629,44.2,ANO,Zlínský,https://www.psp.cz/eknih/cdrom/2021ps/eknih/2021ps/poslanci/i6177.jpg
6168,Helena Válková,213,488,43.6,ANO,Středočeský,https://www.psp.cz/eknih/cdrom/2021ps/eknih/2021ps/poslanci/i6168.jpg
6437,Josef Bělica,208,478,43.5,ANO,Moravskoslezský,https://www.psp.cz/eknih/cdrom/2021ps/eknih/2021ps/poslanci/i6437.jpg
6487,Patrik Nacher,175,439,39.9,ANO,Hlavní město Praha,https://www.psp.cz/eknih/cdrom/2021ps/eknih/2021ps/poslanci/i6487.jpg
6190,Jaroslav Faltýnek,172,451,38.1,ANO,Olomoucký,https://www.psp.cz/eknih/cdrom/2021ps/eknih/2021ps/poslanci/i6190.jpg
6209,David Kasal,36,103,35.0,ANO,Pardubický,https://www.psp.cz/eknih/cdrom/2021ps/eknih/2021ps/poslanci/i6209.jpg
6731,Milan Wenzl,0,0,,ANO,Hlavní město Praha,https://www.psp.cz/eknih/cdrom/2021ps/eknih/2021ps/poslanci/i6731.jpg
6205,Marian Jurečka,319,320,99.7,KDU-ČSL,Olomoucký,https://www.psp.cz/eknih/cdrom/2021ps/eknih/2021ps/poslanci/i6205.jpg
6178,Jan Bartošek,422,427,98.8,KDU-ČSL,Jihočeský,https://www.psp.cz/eknih/cdrom/2021ps/eknih/2021ps/poslanci/i6178.jpg
6729,Aleš Dufek,418,424,98.6,KDU-ČSL,Zlínský,https://www.psp.cz/eknih/cdrom/2021ps/eknih/2021ps/poslanci/i6729.jpg
6777,Michael Kohajda,450,457,98.5,KDU-ČSL,Olomoucký,https://www.psp.cz/eknih/cdrom/2021ps/eknih/2021ps/poslanci/i6777.jpg
6786,Róbert Teleky,563,573,98.3,KDU-ČSL,Zlínský,https://www.psp.cz/eknih/cdrom/2021ps/eknih/2021ps/poslanci/i6786.jpg
6513,Marek Výborný,505,514,98.2,KDU-ČSL,Pardubický,https://www.psp.cz/eknih/cdrom/2021ps/eknih/2021ps/poslanci/i6513.jpg
6176,Nina Nováková,529,539,98.1,KDU-ČSL,Středočeský,https://www.psp.cz/eknih/cdrom/2021ps/eknih/2021ps/poslanci/i6176.jpg
6794,Miroslav Zborovský,476,485,98.1,KDU-ČSL,Jihomoravský,https://www.psp.cz/eknih/cdrom/2021ps/eknih/2021ps/poslanci/i6794.jpg
5332,Antonín Tesařík,576,587,98.1,KDU-ČSL,Jihomoravský,https://www.psp.cz/eknih/cdrom/2021ps/eknih/2021ps/poslanci/i5332.jpg
6207,Vít Kaňkovský,583,595,98.0,KDU-ČSL,Vysočina,https://www.psp.cz/eknih/cdrom/2021ps/eknih/2021ps/poslanci/i6207.jpg
6138,Pavel Bělobrádek,532,543,98.0,KDU-ČSL,Královéhradecký,https://www.psp.cz/eknih/cdrom/2021ps/eknih/2021ps/poslanci/i6138.jpg
6764,Marie Jílková,482,492,98.0,KDU-ČSL,Jihomoravský,https://www.psp.cz/eknih/cdrom/2021ps/eknih/2021ps/poslanci/i6764.jpg
5449,Jiří Carbol,523,534,97.9,KDU-ČSL,Moravskoslezský,https://www.psp.cz/eknih/cdrom/2021ps/eknih/2021ps/poslanci/i5449.jpg
6803,Jiří Horák,556,568,97.9,KDU-ČSL,Jihomoravský,https://www.psp.cz/eknih/cdrom/2021ps/eknih/2021ps/poslanci/i6803.jpg
6292,Pavla Golasowská,394,403,97.8,KDU-ČSL,Moravskoslezský,https://www.psp.cz/eknih/cdrom/2021ps/eknih/2021ps/poslanci/i6292.jpg
6720,Romana Bělohlávková,470,481,97.7,KDU-ČSL,Vysočina,https://www.psp.cz/eknih/cdrom/2021ps/eknih/2021ps/poslanci/i6720.jpg
6801,Jiří Navrátil,468,479,97.7,KDU-ČSL,Moravskoslezský,https://www.psp.cz/eknih/cdrom/2021ps/eknih/2021ps/poslanci/i6801.jpg
6555,Tom Philipp,548,562,97.5,KDU-ČSL,Hlavní město Praha,https://www.psp.cz/eknih/cdrom/2021ps/eknih/2021ps/poslanci/i6555.jpg
6769,Hayato Okamura,410,421,97.4,KDU-ČSL,Hlavní město Praha,https://www.psp.cz/eknih/cdrom/2021ps/eknih/2021ps/poslanci/i6769.jpg
6757,Šimon Heller,287,295,97.3,KDU-ČSL,Jihočeský,https://www.psp.cz/eknih/cdrom/2021ps/eknih/2021ps/poslanci/i6757.jpg
6784,David Šimek,419,431,97.2,KDU-ČSL,Pardubický,https://www.psp.cz/eknih/cdrom/2021ps/eknih/2021ps/poslanci/i6784.jpg
6179,Ondřej Benešík,379,390,97.2,KDU-ČSL,Zlínský,https://www.psp.cz/eknih/cdrom/2021ps/eknih/2021ps/poslanci/i6179.jpg
6742,Karel Smetana,458,476,96.2,KDU-ČSL,Olomoucký,https://www.psp.cz/eknih/cdrom/2021ps/eknih/2021ps/poslanci/i6742.jpg
6007,Bohuslav Svoboda,315,316,99.7,ODS,Hlavní město Praha,https://www.psp.cz/eknih/cdrom/2021ps/eknih/2021ps/poslanci/i6007.jpg
6538,Martin Kupka,367,369,99.5,ODS,Středočeský,https://www.psp.cz/eknih/cdrom/2021ps/eknih/2021ps/poslanci/i6538.jpg
5969,Zbyněk Stanjura,241,243,99.2,ODS,Moravskoslezský,https://www.psp.cz/eknih/cdrom/2021ps/eknih/2021ps/poslanci/i5969.jpg
6435,Martin Baxa,340,343,99.1,ODS,Plzeňský,https://www.psp.cz/eknih/cdrom/2021ps/eknih/2021ps/poslanci/i6435.jpg
4,Marek Benda,525,530,99.1,ODS,Hlavní město Praha,https://www.psp.cz/eknih/cdrom/2021ps/eknih/2021ps/poslanci/i4.jpg
6800,Václav Král,392,396,99.0,ODS,Jihočeský,https://www.psp.cz/eknih/cdrom/2021ps/eknih/2021ps/poslanci/i6800.jpg
6733,Martin Major,480,485,99.0,ODS,Olomoucký,https://www.psp.cz/eknih/cdrom/2021ps/eknih/2021ps/poslanci/i6733.jpg
5968,Pavel Staněk,430,436,98.6,ODS,Královéhradecký,https://www.psp.cz/eknih/cdrom/2021ps/eknih/2021ps/poslanci/i5968.jpg
346,Petr Bendl,497,504,98.6,ODS,Středočeský,https://www.psp.cz/eknih/cdrom/2021ps/eknih/2021ps/poslanci/i346.jpg
6510,Karel Krejza,482,489,98.6,ODS,Ústecký,https://www.psp.cz/eknih/cdrom/2021ps/eknih/2021ps/poslanci/i6510.jpg
6438,Stanislav Blaha,467,474,98.5,ODS,Zlínský,https://www.psp.cz/eknih/cdrom/2021ps/eknih/2021ps/poslanci/i6438.jpg
6418,Jan Skopeček,446,453,98.5,ODS,Středočeský,https://www.psp.cz/eknih/cdrom/2021ps/eknih/2021ps/poslanci/i6418.jpg
6804,Zdenka Němečková Crkvenjaš,431,438,98.4,ODS,Moravskoslezský,https://www.psp.cz/eknih/cdrom/2021ps/eknih/2021ps/poslanci/i6804.jpg
6074,Petr Fiala,349,355,98.3,ODS,Jihomoravský,https://www.psp.cz/eknih/cdrom/2021ps/eknih/2021ps/poslanci/i6074.jpg
5700,Ivan Adamec,454,462,98.3,ODS,Královéhradecký,https://www.psp.cz/eknih/cdrom/2021ps/eknih/2021ps/poslanci/i5700.jpg
6748,Petr Fifka,427,435,98.2,ODS,Hlavní město Praha,https://www.psp.cz/eknih/cdrom/2021ps/eknih/2021ps/poslanci/i6748.jpg
6079,Pavel Blažek,262,267,98.1,ODS,Jihomoravský,https://www.psp.cz/eknih/cdrom/2021ps/eknih/2021ps/poslanci/i6079.jpg
5379,Jan Bauer,336,343,98.0,ODS,Jihočeský,https://www.psp.cz/eknih/cdrom/2021ps/eknih/2021ps/poslanci/i5379.jpg
6793,Renáta Zajíčková,476,486,97.9,ODS,Hlavní město Praha,https://www.psp.cz/eknih/cdrom/2021ps/eknih/2021ps/poslanci/i6793.jpg
6459,Jakub Janda,553,565,97.9,ODS,Moravskoslezský,https://www.psp.cz/eknih/cdrom/2021ps/eknih/2021ps/poslanci/i6459.jpg
6436,Petr Beitl,454,464,97.8,ODS,Liberecký,https://www.psp.cz/eknih/cdrom/2021ps/eknih/2021ps/poslanci/i6436.jpg
6755,Jiří Havránek,540,552,97.8,ODS,Středočeský,https://www.psp.cz/eknih/cdrom/2021ps/eknih/2021ps/poslanci/i6755.jpg
6751,Karel Haas,491,502,97.8,ODS,Pardubický,https://www.psp.cz/eknih/cdrom/2021ps/eknih/2021ps/poslanci/i6751.jpg
6486,Vojtěch Munzar,487,498,97.8,ODS,Středočeský,https://www.psp.cz/eknih/cdrom/2021ps/eknih/2021ps/poslanci/i6486.jpg
6719,Jana Bačíková,521,533,97.7,ODS,Jihomoravský,https://www.psp.cz/eknih/cdrom/2021ps/eknih/2021ps/poslanci/i6719.jpg
6787,Libor Turek,555,568,97.7,ODS,Ústecký,https://www.psp.cz/eknih/cdrom/2021ps/eknih/2021ps/poslanci/i6787.jpg
6759,Jan Hofmann,506,518,97.7,ODS,Středočeský,https://www.psp.cz/eknih/cdrom/2021ps/eknih/2021ps/poslanci/i6759.jpg
6792,Vít Vomáčka,484,496,97.6,ODS,Liberecký,https://www.psp.cz/eknih/cdrom/2021ps/eknih/2021ps/poslanci/i6792.jpg
6744,Rudolf Salvetr,564,579,97.4,ODS,Plzeňský,https://www.psp.cz/eknih/cdrom/2021ps/eknih/2021ps/poslanci/i6744.jpg
5903,Jana Černochová,182,187,97.3,ODS,Hlavní město Praha,https://www.psp.cz/eknih/cdrom/2021ps/eknih/2021ps/poslanci/i5903.jpg
6765,Pavel Kašník,355,365,97.3,ODS,Jihomoravský,https://www.psp.cz/eknih/cdrom/2021ps/eknih/2021ps/poslanci/i6765.jpg
6727,Eva Decroix,386,397,97.2,ODS,Vysočina,https://www.psp.cz/eknih/cdrom/2021ps/eknih/2021ps/poslanci/i6727.jpg
5226,Pavel Žáček,413,425,97.2,ODS,Hlavní město Praha,https://www.psp.cz/eknih/cdrom/2021ps/eknih/2021ps/poslanci/i5226.jpg
5899,Jan Bureš,348,361,96.4,ODS,Karlovarský,https://www.psp.cz/eknih/cdrom/2021ps/eknih/2021ps/poslanci/i5899.jpg
6477,Jakub Michálek,487,497,98.0,Piráti,Hlavní město Praha,https://www.psp.cz/eknih/cdrom/2021ps/eknih/2021ps/poslanci/i6477.jpg
6776,Klára Kocmanová,508,520,97.7,Piráti,Středočeský,https://www.psp.cz/eknih/cdrom/2021ps/eknih/2021ps/poslanci/i6776.jpg
6473,Olga Richterová,592,611,96.9,Piráti,Hlavní město Praha,https://www.psp.cz/eknih/cdrom/2021ps/eknih/2021ps/poslanci/i6473.jpg
6433,Ivan Bartoš,329,340,96.8,Piráti,Ústecký,https://www.psp.cz/eknih/cdrom/2021ps/eknih/2021ps/poslanci/i6433.jpg
6745,Marie Pošarová,294,596,49.3,SPD,Plzeňský,https://www.psp.cz/eknih/cdrom/2021ps/eknih/2021ps/poslanci/i6745.jpg
6773,Zdeněk Kettner,307,626,49.0,SPD,Ústecký,https://www.psp.cz/eknih/cdrom/2021ps/eknih/2021ps/poslanci/i6773.jpg
207,Jaroslav Bašta,200,426,46.9,SPD,Pardubický,https://www.psp.cz/eknih/cdrom/2021ps/eknih/2021ps/poslanci/i207.jpg
6508,Radek Koten,238,515,46.2,SPD,Vysočina,https://www.psp.cz/eknih/cdrom/2021ps/eknih/2021ps/poslanci/i6508.jpg
6726,Oldřich Černý,339,751,45.1,SPD,Středočeský,https://www.psp.cz/eknih/cdrom/2021ps/eknih/2021ps/poslanci/i6726.jpg
6445,Jaroslav Dvořák,201,447,45.0,SPD,Zlínský,https://www.psp.cz/eknih/cdrom/2021ps/eknih/2021ps/poslanci/i6445.jpg
6521,Radek Rozvoral,351,785,44.7,SPD,Středočeský,https://www.psp.cz/eknih/cdrom/2021ps/eknih/2021ps/poslanci/i6521.jpg
6795,Vladimír Zlínský,287,642,44.7,SPD,Zlínský,https://www.psp.cz/eknih/cdrom/2021ps/eknih/2021ps/poslanci/i6795.jpg
6740,Karel Sládeček,308,698,44.1,SPD,Moravskoslezský,https://www.psp.cz/eknih/cdrom/2021ps/eknih/2021ps/poslanci/i6740.jpg
6783,Jan Síla,304,694,43.8,SPD,Moravskoslezský,https://www.psp.cz/eknih/cdrom/2021ps/eknih/2021ps/poslanci/i6783.jpg
6469,Karla Maříková,310,726,42.7,SPD,Karlovarský,https://www.psp.cz/eknih/cdrom/2021ps/eknih/2021ps/poslanci/i6469.jpg
6479,Lucie Šafránková,306,730,41.9,SPD,Jihomoravský,https://www.psp.cz/eknih/cdrom/2021ps/eknih/2021ps/poslanci/i6479.jpg
5477,Vladimíra Lesenská,290,692,41.9,SPD,Královéhradecký,https://www.psp.cz/eknih/cdrom/2021ps/eknih/2021ps/poslanci/i5477.jpg
5459,Radim Fiala,161,386,41.7,SPD,Olomoucký,https://www.psp.cz/eknih/cdrom/2021ps/eknih/2021ps/poslanci/i5459.jpg
6503,Jiří Kobza,240,585,41.0,SPD,Hlavní město Praha,https://www.psp.cz/eknih/cdrom/2021ps/eknih/2021ps/poslanci/i6503.jpg
6455,Jan Hrnčíř,235,585,40.2,SPD,Jihomoravský,https://www.psp.cz/eknih/cdrom/2021ps/eknih/2021ps/poslanci/i6455.jpg
6105,Tomio Okamura,256,645,39.7,SPD,Moravskoslezský,https://www.psp.cz/eknih/cdrom/2021ps/eknih/2021ps/poslanci/i6105.jpg
6785,Iveta Štefanová,250,639,39.1,SPD,Jihočeský,https://www.psp.cz/eknih/cdrom/2021ps/eknih/2021ps/poslanci/i6785.jpg
6495,Radovan Vích,204,574,35.5,SPD,Liberecký,https://www.psp.cz/eknih/cdrom/2021ps/eknih/2021ps/poslanci/i6495.jpg
5911,Jaroslav Foldyna,110,409,26.9,SPD,Ústecký,https://www.psp.cz/eknih/cdrom/2021ps/eknih/2021ps/poslanci/i5911.jpg
6797,Vladimír Balaš,247,247,100.0,STAN,Hlavní město Praha,https://www.psp.cz/eknih/cdrom/2021ps/eknih/2021ps/poslanci/i6797.jpg
6524,Vít Rakušan,172,172,100.0,STAN,Středočeský,https://www.psp.cz/eknih/cdrom/2021ps/eknih/2021ps/poslanci/i6524.jpg
6466,Jana Krutáková,369,372,99.2,STAN,Jihomoravský,https://www.psp.cz/eknih/cdrom/2021ps/eknih/2021ps/poslanci/i6466.jpg
6798,Jiří Hájek,326,329,99.1,STAN,Pardubický,https://www.psp.cz/eknih/cdrom/2021ps/eknih/2021ps/poslanci/i6798.jpg
6739,Petr Letocha,548,555,98.7,STAN,Moravskoslezský,https://www.psp.cz/eknih/cdrom/2021ps/eknih/2021ps/poslanci/i6739.jpg
6771,Hana Naiclerová,426,432,98.6,STAN,Olomoucký,https://www.psp.cz/eknih/cdrom/2021ps/eknih/2021ps/poslanci/i6771.jpg
6734,Petr Liška,513,521,98.5,STAN,Ústecký,https://www.psp.cz/eknih/cdrom/2021ps/eknih/2021ps/poslanci/i6734.jpg
6779,Ondřej Lochman,419,426,98.4,STAN,Středočeský,https://www.psp.cz/eknih/cdrom/2021ps/eknih/2021ps/poslanci/i6779.jpg
6746,Lucie Potůčková,405,412,98.3,STAN,Královéhradecký,https://www.psp.cz/eknih/cdrom/2021ps/eknih/2021ps/poslanci/i6746.jpg
6781,Michael Rataj,571,581,98.3,STAN,Moravskoslezský,https://www.psp.cz/eknih/cdrom/2021ps/eknih/2021ps/poslanci/i6781.jpg
6789,Lukáš Vlček,335,341,98.2,STAN,Vysočina,https://www.psp.cz/eknih/cdrom/2021ps/eknih/2021ps/poslanci/i6789.jpg
6790,Milada Voborská,530,540,98.1,STAN,Hlavní město Praha,https://www.psp.cz/eknih/cdrom/2021ps/eknih/2021ps/poslanci/i6790.jpg
6728,Tomáš Dubský,475,484,98.1,STAN,Pardubický,https://www.psp.cz/eknih/cdrom/2021ps/eknih/2021ps/poslanci/i6728.jpg
6788,Barbora Urbanová,312,318,98.1,STAN,Středočeský,https://www.psp.cz/eknih/cdrom/2021ps/eknih/2021ps/poslanci/i6788.jpg
6724,Josef Bernard,363,370,98.1,STAN,Plzeňský,https://www.psp.cz/eknih/cdrom/2021ps/eknih/2021ps/poslanci/i6724.jpg
6762,Pavla Pivoňka Vaňková,414,422,98.1,STAN,Jihočeský,https://www.psp.cz/eknih/cdrom/2021ps/eknih/2021ps/poslanci/i6762.jpg
6772,Tomáš Müller,569,580,98.1,STAN,Olomoucký,https://www.psp.cz/eknih/cdrom/2021ps/eknih/2021ps/poslanci/i6772.jpg
6767,Michaela Opltová,463,472,98.1,STAN,Plzeňský,https://www.psp.cz/eknih/cdrom/2021ps/eknih/2021ps/poslanci/i6767.jpg
6809,Jarmila Levko,406,414,98.1,STAN,Liberecký,https://www.psp.cz/eknih/cdrom/2021ps/eknih/2021ps/poslanci/i6809.jpg
6766,Eliška Olšáková,450,459,98.0,STAN,Zlínský,https://www.psp.cz/eknih/cdrom/2021ps/eknih/2021ps/poslanci/i6766.jpg
6721,Roman Bělor,399,407,98.0,STAN,Hlavní město Praha,https://www.psp.cz/eknih/cdrom/2021ps/eknih/2021ps/poslanci/i6721.jpg
6214,Věra Kovářová,528,539,98.0,STAN,Středočeský,https://www.psp.cz/eknih/cdrom/2021ps/eknih/2021ps/poslanci/i6214.jpg
6763,Michaela Šebelová,419,428,97.9,STAN,Moravskoslezský,https://www.psp.cz/eknih/cdrom/2021ps/eknih/2021ps/poslanci/i6763.jpg
6737,Jan Lacina,499,510,97.8,STAN,Hlavní město Praha,https://www.psp.cz/eknih/cdrom/2021ps/eknih/2021ps/poslanci/i6737.jpg
6752,Martin Hájek,487,498,97.8,STAN,Jihomoravský,https://www.psp.cz/eknih/cdrom/2021ps/eknih/2021ps/poslanci/i6752.jpg
6761,Petra Quittová,437,447,97.8,STAN,Jihomoravský,https://www.psp.cz/eknih/cdrom/2021ps/eknih/2021ps/poslanci/i6761.jpg
5901,Josef Cogan,522,534,97.8,STAN,Královéhradecký,https://www.psp.cz/eknih/cdrom/2021ps/eknih/2021ps/poslanci/i5901.jpg
6791,Viktor Vojtko,435,445,97.8,STAN,Jihočeský,https://www.psp.cz/eknih/cdrom/2021ps/eknih/2021ps/poslanci/i6791.jpg
6747,Martin Exner,377,387,97.4,STAN,Středočeský,https://www.psp.cz/eknih/cdrom/2021ps/eknih/2021ps/poslanci/i6747.jpg
6722,Jan Berki,588,604,97.4,STAN,Liberecký,https://www.psp.cz/eknih/cdrom/2021ps/eknih/2021ps/poslanci/i6722.jpg
5914,Petr Gazdík,404,416,97.1,STAN,Zlínský,https://www.psp.cz/eknih/cdrom/2021ps/eknih/2021ps/poslanci/i5914.jpg
6735,Jan Kuchař,436,451,96.7,STAN,Karlovarský,https://www.psp.cz/eknih/cdrom/2021ps/eknih/2021ps/poslanci/i6735.jpg
6750,Josef Flek,422,443,95.3,STAN,Jihomoravský,https://www.psp.cz/eknih/cdrom/2021ps/eknih/2021ps/poslanci/i6750.jpg
5943,Helena Langšádlová,300,301,99.7,TOP09,Středočeský,https://www.psp.cz/eknih/cdrom/2021ps/eknih/2021ps/poslanci/i5943.jpg
6482,Vlastimil Válek,218,219,99.5,TOP09,Jihomoravský,https://www.psp.cz/eknih/cdrom/2021ps/eknih/2021ps/poslanci/i6482.jpg
6754,Matěj Ondřej Havel,425,429,99.1,TOP09,Královéhradecký,https://www.psp.cz/eknih/cdrom/2021ps/eknih/2021ps/poslanci/i6754.jpg
6774,Pavel Klíma,432,437,98.9,TOP09,Jihočeský,https://www.psp.cz/eknih/cdrom/2021ps/eknih/2021ps/poslanci/i6774.jpg
6799,Ondřej Kolář,379,386,98.2,TOP09,Hlavní město Praha,https://www.psp.cz/eknih/cdrom/2021ps/eknih/2021ps/poslanci/i6799.jpg
6741,Jiří Slavík,538,549,98.0,TOP09,Středočeský,https://www.psp.cz/eknih/cdrom/2021ps/eknih/2021ps/poslanci/i6741.jpg
6768,Miloš Nový,529,540,98.0,TOP09,Plzeňský,https://www.psp.cz/eknih/cdrom/2021ps/eknih/2021ps/poslanci/i6768.jpg
6687,Jan Jakob,510,521,97.9,TOP09,Středočeský,https://www.psp.cz/eknih/cdrom/2021ps/eknih/2021ps/poslanci/i6687.jpg
6802,Pavel Svoboda,485,496,97.8,TOP09,Pardubický,https://www.psp.cz/eknih/cdrom/2021ps/eknih/2021ps/poslanci/i6802.jpg
6778,Martina Ochodnická,533,546,97.6,TOP09,Vysočina,https://www.psp.cz/eknih/cdrom/2021ps/eknih/2021ps/poslanci/i6778.jpg
6147,Markéta Pekarová Adamová,405,415,97.6,TOP09,Hlavní město Praha,https://www.psp.cz/eknih/cdrom/2021ps/eknih/2021ps/poslanci/i6147.jpg
6216,Michal Kučera,472,484,97.5,TOP09,Ústecký,https://www.psp.cz/eknih/cdrom/2021ps/eknih/2021ps/poslanci/i6216.jpg
6796,Michal Zuna,563,578,97.4,TOP09,Hlavní město Praha,https://www.psp.cz/eknih/cdrom/2021ps/eknih/2021ps/poslanci/i6796.jpg
6154,Marek Ženíšek,337,348,96.8,TOP09,Plzeňský,https://www.psp.cz/eknih/cdrom/2021ps/eknih/2021ps/poslanci/i6154.jpg
