id,name,rebeling,possible,rebel,last_group_abbreviation,region_name_cs,photo_url
6471,Jana Mračková Vildumetzová,11,898,1.22,ANO,Karlovarský,https://www.psp.cz/eknih/cdrom/2021ps/eknih/2021ps/poslanci/i6471.jpg
6165,Radek Vondráček,9,898,1.0,ANO,Zlínský,https://www.psp.cz/eknih/cdrom/2021ps/eknih/2021ps/poslanci/i6165.jpg
6623,Ondřej Babka,8,898,0.89,ANO,Jihočeský,https://www.psp.cz/eknih/cdrom/2021ps/eknih/2021ps/poslanci/i6623.jpg
6166,Jan Volný,8,898,0.89,ANO,Plzeňský,https://www.psp.cz/eknih/cdrom/2021ps/eknih/2021ps/poslanci/i6166.jpg
6246,Josef Kott,8,898,0.89,ANO,Vysočina,https://www.psp.cz/eknih/cdrom/2021ps/eknih/2021ps/poslanci/i6246.jpg
6448,Milan Feranec,8,898,0.89,ANO,Olomoucký,https://www.psp.cz/eknih/cdrom/2021ps/eknih/2021ps/poslanci/i6448.jpg
6143,Stanislav Berkovec,7,898,0.78,ANO,Středočeský,https://www.psp.cz/eknih/cdrom/2021ps/eknih/2021ps/poslanci/i6143.jpg
6509,Robert Králíček,6,898,0.67,ANO,Hlavní město Praha,https://www.psp.cz/eknih/cdrom/2021ps/eknih/2021ps/poslanci/i6509.jpg
6527,David Pražák,6,898,0.67,ANO,Liberecký,https://www.psp.cz/eknih/cdrom/2021ps/eknih/2021ps/poslanci/i6527.jpg
6409,František Petrtýl,6,898,0.67,ANO,Středočeský,https://www.psp.cz/eknih/cdrom/2021ps/eknih/2021ps/poslanci/i6409.jpg
6723,Jana Berkovcová,5,898,0.56,ANO,Královéhradecký,https://www.psp.cz/eknih/cdrom/2021ps/eknih/2021ps/poslanci/i6723.jpg
6254,Věra Adámková,5,898,0.56,ANO,Hlavní město Praha,https://www.psp.cz/eknih/cdrom/2021ps/eknih/2021ps/poslanci/i6254.jpg
6523,Michal Ratiborský,5,898,0.56,ANO,Moravskoslezský,https://www.psp.cz/eknih/cdrom/2021ps/eknih/2021ps/poslanci/i6523.jpg
6736,Martin Kukla,5,898,0.56,ANO,Vysočina,https://www.psp.cz/eknih/cdrom/2021ps/eknih/2021ps/poslanci/i6736.jpg
6782,Drahoslav Ryba,5,898,0.56,ANO,Vysočina,https://www.psp.cz/eknih/cdrom/2021ps/eknih/2021ps/poslanci/i6782.jpg
6533,Marek Novák,5,898,0.56,ANO,Zlínský,https://www.psp.cz/eknih/cdrom/2021ps/eknih/2021ps/poslanci/i6533.jpg
6534,Jiří Mašek,4,898,0.45,ANO,Královéhradecký,https://www.psp.cz/eknih/cdrom/2021ps/eknih/2021ps/poslanci/i6534.jpg
6518,Petr Sadovský,4,898,0.45,ANO,Královéhradecký,https://www.psp.cz/eknih/cdrom/2021ps/eknih/2021ps/poslanci/i6518.jpg
6780,Berenika Peštová,4,898,0.45,ANO,Ústecký,https://www.psp.cz/eknih/cdrom/2021ps/eknih/2021ps/poslanci/i6780.jpg
6451,Stanislav Fridrich,4,898,0.45,ANO,Moravskoslezský,https://www.psp.cz/eknih/cdrom/2021ps/eknih/2021ps/poslanci/i6451.jpg
6492,Ivo Vondrák,4,898,0.45,ANO,Moravskoslezský,https://www.psp.cz/eknih/cdrom/2021ps/eknih/2021ps/poslanci/i6492.jpg
6215,Roman Kubíček,4,898,0.45,ANO,Jihočeský,https://www.psp.cz/eknih/cdrom/2021ps/eknih/2021ps/poslanci/i6215.jpg
6158,Karel Rais,4,898,0.45,ANO,Jihomoravský,https://www.psp.cz/eknih/cdrom/2021ps/eknih/2021ps/poslanci/i6158.jpg
6730,Lubomír Wenzl,4,898,0.45,ANO,Jihomoravský,https://www.psp.cz/eknih/cdrom/2021ps/eknih/2021ps/poslanci/i6730.jpg
6211,Martin Kolovratník,4,898,0.45,ANO,Pardubický,https://www.psp.cz/eknih/cdrom/2021ps/eknih/2021ps/poslanci/i6211.jpg
6458,Ivan Jáč,4,898,0.45,ANO,Liberecký,https://www.psp.cz/eknih/cdrom/2021ps/eknih/2021ps/poslanci/i6458.jpg
6756,Tomáš Helebrant,4,898,0.45,ANO,Středočeský,https://www.psp.cz/eknih/cdrom/2021ps/eknih/2021ps/poslanci/i6756.jpg
6743,Robert Stržínek,4,898,0.45,ANO,Zlínský,https://www.psp.cz/eknih/cdrom/2021ps/eknih/2021ps/poslanci/i6743.jpg
6177,Margita Balaštíková,4,898,0.45,ANO,Zlínský,https://www.psp.cz/eknih/cdrom/2021ps/eknih/2021ps/poslanci/i6177.jpg
6725,Lubomír Brož,3,898,0.33,ANO,Hlavní město Praha,https://www.psp.cz/eknih/cdrom/2021ps/eknih/2021ps/poslanci/i6725.jpg
6457,Eva Fialová,3,898,0.33,ANO,Ústecký,https://www.psp.cz/eknih/cdrom/2021ps/eknih/2021ps/poslanci/i6457.jpg
6428,Andrea Babišová,3,898,0.33,ANO,Moravskoslezský,https://www.psp.cz/eknih/cdrom/2021ps/eknih/2021ps/poslanci/i6428.jpg
6463,Aleš Juchelka,3,898,0.33,ANO,Moravskoslezský,https://www.psp.cz/eknih/cdrom/2021ps/eknih/2021ps/poslanci/i6463.jpg
6201,Miloslav Janulík,3,898,0.33,ANO,Jihomoravský,https://www.psp.cz/eknih/cdrom/2021ps/eknih/2021ps/poslanci/i6201.jpg
6775,Lenka Knechtová,3,898,0.33,ANO,Jihomoravský,https://www.psp.cz/eknih/cdrom/2021ps/eknih/2021ps/poslanci/i6775.jpg
6545,Alena Schillerová,3,898,0.33,ANO,Jihomoravský,https://www.psp.cz/eknih/cdrom/2021ps/eknih/2021ps/poslanci/i6545.jpg
6225,Jana Pastuchová,3,898,0.33,ANO,Liberecký,https://www.psp.cz/eknih/cdrom/2021ps/eknih/2021ps/poslanci/i6225.jpg
6749,Romana Fischerová,3,898,0.33,ANO,Středočeský,https://www.psp.cz/eknih/cdrom/2021ps/eknih/2021ps/poslanci/i6749.jpg
6202,Jaroslava Pokorná Jermanová,3,898,0.33,ANO,Středočeský,https://www.psp.cz/eknih/cdrom/2021ps/eknih/2021ps/poslanci/i6202.jpg
6172,Ladislav Okleštěk,3,898,0.33,ANO,Olomoucký,https://www.psp.cz/eknih/cdrom/2021ps/eknih/2021ps/poslanci/i6172.jpg
6430,Klára Dostálová,2,898,0.22,ANO,Královéhradecký,https://www.psp.cz/eknih/cdrom/2021ps/eknih/2021ps/poslanci/i6430.jpg
6487,Patrik Nacher,2,898,0.22,ANO,Hlavní město Praha,https://www.psp.cz/eknih/cdrom/2021ps/eknih/2021ps/poslanci/i6487.jpg
6506,Tomáš Kohoutek,2,898,0.22,ANO,Ústecký,https://www.psp.cz/eknih/cdrom/2021ps/eknih/2021ps/poslanci/i6506.jpg
6520,Pavel Růžička,2,898,0.22,ANO,Ústecký,https://www.psp.cz/eknih/cdrom/2021ps/eknih/2021ps/poslanci/i6520.jpg
6437,Josef Bělica,2,898,0.22,ANO,Moravskoslezský,https://www.psp.cz/eknih/cdrom/2021ps/eknih/2021ps/poslanci/i6437.jpg
6515,Jiří Strýček,2,898,0.22,ANO,Moravskoslezský,https://www.psp.cz/eknih/cdrom/2021ps/eknih/2021ps/poslanci/i6515.jpg
6240,Karel Tureček,2,898,0.22,ANO,Jihočeský,https://www.psp.cz/eknih/cdrom/2021ps/eknih/2021ps/poslanci/i6240.jpg
6431,Lenka Dražilová,2,898,0.22,ANO,Jihomoravský,https://www.psp.cz/eknih/cdrom/2021ps/eknih/2021ps/poslanci/i6431.jpg
6468,Taťána Malá,2,898,0.22,ANO,Jihomoravský,https://www.psp.cz/eknih/cdrom/2021ps/eknih/2021ps/poslanci/i6468.jpg
6484,David Štolpa,2,898,0.22,ANO,Jihomoravský,https://www.psp.cz/eknih/cdrom/2021ps/eknih/2021ps/poslanci/i6484.jpg
6732,Ivana Mádlová,2,898,0.22,ANO,Plzeňský,https://www.psp.cz/eknih/cdrom/2021ps/eknih/2021ps/poslanci/i6732.jpg
6621,Karel Havlíček,2,898,0.22,ANO,Středočeský,https://www.psp.cz/eknih/cdrom/2021ps/eknih/2021ps/poslanci/i6621.jpg
6505,Julius Špičák,2,898,0.22,ANO,Středočeský,https://www.psp.cz/eknih/cdrom/2021ps/eknih/2021ps/poslanci/i6505.jpg
6168,Helena Válková,2,898,0.22,ANO,Středočeský,https://www.psp.cz/eknih/cdrom/2021ps/eknih/2021ps/poslanci/i6168.jpg
6190,Jaroslav Faltýnek,2,898,0.22,ANO,Olomoucký,https://www.psp.cz/eknih/cdrom/2021ps/eknih/2021ps/poslanci/i6190.jpg
6150,Andrej Babiš,1,898,0.11,ANO,Ústecký,https://www.psp.cz/eknih/cdrom/2021ps/eknih/2021ps/poslanci/i6150.jpg
6500,Jan Richter,1,898,0.11,ANO,Ústecký,https://www.psp.cz/eknih/cdrom/2021ps/eknih/2021ps/poslanci/i6500.jpg
6758,Igor Hendrych,1,898,0.11,ANO,Moravskoslezský,https://www.psp.cz/eknih/cdrom/2021ps/eknih/2021ps/poslanci/i6758.jpg
6544,Lubomír Metnar,1,898,0.11,ANO,Moravskoslezský,https://www.psp.cz/eknih/cdrom/2021ps/eknih/2021ps/poslanci/i6544.jpg
6474,Zuzana Ožanová,1,898,0.11,ANO,Moravskoslezský,https://www.psp.cz/eknih/cdrom/2021ps/eknih/2021ps/poslanci/i6474.jpg
6184,Richard Brabec,1,898,0.11,ANO,Jihočeský,https://www.psp.cz/eknih/cdrom/2021ps/eknih/2021ps/poslanci/i6184.jpg
6511,Jan Kubík,1,898,0.11,ANO,Jihočeský,https://www.psp.cz/eknih/cdrom/2021ps/eknih/2021ps/poslanci/i6511.jpg
6753,Jana Hanzlíková,1,898,0.11,ANO,Pardubický,https://www.psp.cz/eknih/cdrom/2021ps/eknih/2021ps/poslanci/i6753.jpg
6447,Kamal Farhan,1,898,0.11,ANO,Plzeňský,https://www.psp.cz/eknih/cdrom/2021ps/eknih/2021ps/poslanci/i6447.jpg
6738,Hubert Lang,1,898,0.11,ANO,Plzeňský,https://www.psp.cz/eknih/cdrom/2021ps/eknih/2021ps/poslanci/i6738.jpg
6185,Milan Brázdil,1,898,0.11,ANO,Olomoucký,https://www.psp.cz/eknih/cdrom/2021ps/eknih/2021ps/poslanci/i6185.jpg
6490,Petr Vrána,1,898,0.11,ANO,Olomoucký,https://www.psp.cz/eknih/cdrom/2021ps/eknih/2021ps/poslanci/i6490.jpg
6770,Renata Oulehlová,1,898,0.11,ANO,Karlovarský,https://www.psp.cz/eknih/cdrom/2021ps/eknih/2021ps/poslanci/i6770.jpg
6731,Milan Wenzl,0,898,0.0,ANO,Hlavní město Praha,https://www.psp.cz/eknih/cdrom/2021ps/eknih/2021ps/poslanci/i6731.jpg
6441,Jaroslav Bžoch,0,898,0.0,ANO,Ústecký,https://www.psp.cz/eknih/cdrom/2021ps/eknih/2021ps/poslanci/i6441.jpg
6209,David Kasal,0,898,0.0,ANO,Pardubický,https://www.psp.cz/eknih/cdrom/2021ps/eknih/2021ps/poslanci/i6209.jpg
6475,Monika Oborná,0,898,0.0,ANO,Vysočina,https://www.psp.cz/eknih/cdrom/2021ps/eknih/2021ps/poslanci/i6475.jpg
6742,Karel Smetana,9,898,1.0,KDU-ČSL,Olomoucký,https://www.psp.cz/eknih/cdrom/2021ps/eknih/2021ps/poslanci/i6742.jpg
6757,Šimon Heller,5,898,0.56,KDU-ČSL,Jihočeský,https://www.psp.cz/eknih/cdrom/2021ps/eknih/2021ps/poslanci/i6757.jpg
6138,Pavel Bělobrádek,4,898,0.45,KDU-ČSL,Královéhradecký,https://www.psp.cz/eknih/cdrom/2021ps/eknih/2021ps/poslanci/i6138.jpg
6555,Tom Philipp,4,898,0.45,KDU-ČSL,Hlavní město Praha,https://www.psp.cz/eknih/cdrom/2021ps/eknih/2021ps/poslanci/i6555.jpg
6205,Marian Jurečka,4,898,0.45,KDU-ČSL,Olomoucký,https://www.psp.cz/eknih/cdrom/2021ps/eknih/2021ps/poslanci/i6205.jpg
6178,Jan Bartošek,3,898,0.33,KDU-ČSL,Jihočeský,https://www.psp.cz/eknih/cdrom/2021ps/eknih/2021ps/poslanci/i6178.jpg
6803,Jiří Horák,3,898,0.33,KDU-ČSL,Jihomoravský,https://www.psp.cz/eknih/cdrom/2021ps/eknih/2021ps/poslanci/i6803.jpg
6720,Romana Bělohlávková,3,898,0.33,KDU-ČSL,Vysočina,https://www.psp.cz/eknih/cdrom/2021ps/eknih/2021ps/poslanci/i6720.jpg
6176,Nina Nováková,3,898,0.33,KDU-ČSL,Středočeský,https://www.psp.cz/eknih/cdrom/2021ps/eknih/2021ps/poslanci/i6176.jpg
6729,Aleš Dufek,3,898,0.33,KDU-ČSL,Zlínský,https://www.psp.cz/eknih/cdrom/2021ps/eknih/2021ps/poslanci/i6729.jpg
6801,Jiří Navrátil,2,898,0.22,KDU-ČSL,Moravskoslezský,https://www.psp.cz/eknih/cdrom/2021ps/eknih/2021ps/poslanci/i6801.jpg
6784,David Šimek,2,898,0.22,KDU-ČSL,Pardubický,https://www.psp.cz/eknih/cdrom/2021ps/eknih/2021ps/poslanci/i6784.jpg
6179,Ondřej Benešík,2,898,0.22,KDU-ČSL,Zlínský,https://www.psp.cz/eknih/cdrom/2021ps/eknih/2021ps/poslanci/i6179.jpg
6777,Michael Kohajda,2,898,0.22,KDU-ČSL,Olomoucký,https://www.psp.cz/eknih/cdrom/2021ps/eknih/2021ps/poslanci/i6777.jpg
6769,Hayato Okamura,1,898,0.11,KDU-ČSL,Hlavní město Praha,https://www.psp.cz/eknih/cdrom/2021ps/eknih/2021ps/poslanci/i6769.jpg
5449,Jiří Carbol,1,898,0.11,KDU-ČSL,Moravskoslezský,https://www.psp.cz/eknih/cdrom/2021ps/eknih/2021ps/poslanci/i5449.jpg
6292,Pavla Golasowská,1,898,0.11,KDU-ČSL,Moravskoslezský,https://www.psp.cz/eknih/cdrom/2021ps/eknih/2021ps/poslanci/i6292.jpg
5332,Antonín Tesařík,1,898,0.11,KDU-ČSL,Jihomoravský,https://www.psp.cz/eknih/cdrom/2021ps/eknih/2021ps/poslanci/i5332.jpg
6794,Miroslav Zborovský,1,898,0.11,KDU-ČSL,Jihomoravský,https://www.psp.cz/eknih/cdrom/2021ps/eknih/2021ps/poslanci/i6794.jpg
6513,Marek Výborný,1,898,0.11,KDU-ČSL,Pardubický,https://www.psp.cz/eknih/cdrom/2021ps/eknih/2021ps/poslanci/i6513.jpg
6207,Vít Kaňkovský,1,898,0.11,KDU-ČSL,Vysočina,https://www.psp.cz/eknih/cdrom/2021ps/eknih/2021ps/poslanci/i6207.jpg
6786,Róbert Teleky,1,898,0.11,KDU-ČSL,Zlínský,https://www.psp.cz/eknih/cdrom/2021ps/eknih/2021ps/poslanci/i6786.jpg
6764,Marie Jílková,0,898,0.0,KDU-ČSL,Jihomoravský,https://www.psp.cz/eknih/cdrom/2021ps/eknih/2021ps/poslanci/i6764.jpg
5899,Jan Bureš,7,897,0.78,ODS,Karlovarský,https://www.psp.cz/eknih/cdrom/2021ps/eknih/2021ps/poslanci/i5899.jpg
6744,Rudolf Salvetr,4,897,0.45,ODS,Plzeňský,https://www.psp.cz/eknih/cdrom/2021ps/eknih/2021ps/poslanci/i6744.jpg
5968,Pavel Staněk,3,897,0.33,ODS,Královéhradecký,https://www.psp.cz/eknih/cdrom/2021ps/eknih/2021ps/poslanci/i5968.jpg
4,Marek Benda,3,897,0.33,ODS,Hlavní město Praha,https://www.psp.cz/eknih/cdrom/2021ps/eknih/2021ps/poslanci/i4.jpg
5903,Jana Černochová,3,897,0.33,ODS,Hlavní město Praha,https://www.psp.cz/eknih/cdrom/2021ps/eknih/2021ps/poslanci/i5903.jpg
6079,Pavel Blažek,3,897,0.33,ODS,Jihomoravský,https://www.psp.cz/eknih/cdrom/2021ps/eknih/2021ps/poslanci/i6079.jpg
6793,Renáta Zajíčková,2,897,0.22,ODS,Hlavní město Praha,https://www.psp.cz/eknih/cdrom/2021ps/eknih/2021ps/poslanci/i6793.jpg
5226,Pavel Žáček,2,897,0.22,ODS,Hlavní město Praha,https://www.psp.cz/eknih/cdrom/2021ps/eknih/2021ps/poslanci/i5226.jpg
5969,Zbyněk Stanjura,2,897,0.22,ODS,Moravskoslezský,https://www.psp.cz/eknih/cdrom/2021ps/eknih/2021ps/poslanci/i5969.jpg
6436,Petr Beitl,2,897,0.22,ODS,Liberecký,https://www.psp.cz/eknih/cdrom/2021ps/eknih/2021ps/poslanci/i6436.jpg
6792,Vít Vomáčka,2,897,0.22,ODS,Liberecký,https://www.psp.cz/eknih/cdrom/2021ps/eknih/2021ps/poslanci/i6792.jpg
6486,Vojtěch Munzar,2,897,0.22,ODS,Středočeský,https://www.psp.cz/eknih/cdrom/2021ps/eknih/2021ps/poslanci/i6486.jpg
5700,Ivan Adamec,1,897,0.11,ODS,Královéhradecký,https://www.psp.cz/eknih/cdrom/2021ps/eknih/2021ps/poslanci/i5700.jpg
6510,Karel Krejza,1,897,0.11,ODS,Ústecký,https://www.psp.cz/eknih/cdrom/2021ps/eknih/2021ps/poslanci/i6510.jpg
6787,Libor Turek,1,897,0.11,ODS,Ústecký,https://www.psp.cz/eknih/cdrom/2021ps/eknih/2021ps/poslanci/i6787.jpg
6804,Zdenka Němečková Crkvenjaš,1,897,0.11,ODS,Moravskoslezský,https://www.psp.cz/eknih/cdrom/2021ps/eknih/2021ps/poslanci/i6804.jpg
5379,Jan Bauer,1,897,0.11,ODS,Jihočeský,https://www.psp.cz/eknih/cdrom/2021ps/eknih/2021ps/poslanci/i5379.jpg
6800,Václav Král,1,897,0.11,ODS,Jihočeský,https://www.psp.cz/eknih/cdrom/2021ps/eknih/2021ps/poslanci/i6800.jpg
6719,Jana Bačíková,1,897,0.11,ODS,Jihomoravský,https://www.psp.cz/eknih/cdrom/2021ps/eknih/2021ps/poslanci/i6719.jpg
6765,Pavel Kašník,1,897,0.11,ODS,Jihomoravský,https://www.psp.cz/eknih/cdrom/2021ps/eknih/2021ps/poslanci/i6765.jpg
346,Petr Bendl,1,897,0.11,ODS,Středočeský,https://www.psp.cz/eknih/cdrom/2021ps/eknih/2021ps/poslanci/i346.jpg
6755,Jiří Havránek,1,897,0.11,ODS,Středočeský,https://www.psp.cz/eknih/cdrom/2021ps/eknih/2021ps/poslanci/i6755.jpg
6418,Jan Skopeček,1,897,0.11,ODS,Středočeský,https://www.psp.cz/eknih/cdrom/2021ps/eknih/2021ps/poslanci/i6418.jpg
6438,Stanislav Blaha,1,897,0.11,ODS,Zlínský,https://www.psp.cz/eknih/cdrom/2021ps/eknih/2021ps/poslanci/i6438.jpg
6733,Martin Major,1,897,0.11,ODS,Olomoucký,https://www.psp.cz/eknih/cdrom/2021ps/eknih/2021ps/poslanci/i6733.jpg
6748,Petr Fifka,0,897,0.0,ODS,Hlavní město Praha,https://www.psp.cz/eknih/cdrom/2021ps/eknih/2021ps/poslanci/i6748.jpg
6007,Bohuslav Svoboda,0,897,0.0,ODS,Hlavní město Praha,https://www.psp.cz/eknih/cdrom/2021ps/eknih/2021ps/poslanci/i6007.jpg
6459,Jakub Janda,0,897,0.0,ODS,Moravskoslezský,https://www.psp.cz/eknih/cdrom/2021ps/eknih/2021ps/poslanci/i6459.jpg
6074,Petr Fiala,0,897,0.0,ODS,Jihomoravský,https://www.psp.cz/eknih/cdrom/2021ps/eknih/2021ps/poslanci/i6074.jpg
6751,Karel Haas,0,897,0.0,ODS,Pardubický,https://www.psp.cz/eknih/cdrom/2021ps/eknih/2021ps/poslanci/i6751.jpg
6435,Martin Baxa,0,897,0.0,ODS,Plzeňský,https://www.psp.cz/eknih/cdrom/2021ps/eknih/2021ps/poslanci/i6435.jpg
6727,Eva Decroix,0,897,0.0,ODS,Vysočina,https://www.psp.cz/eknih/cdrom/2021ps/eknih/2021ps/poslanci/i6727.jpg
6759,Jan Hofmann,0,897,0.0,ODS,Středočeský,https://www.psp.cz/eknih/cdrom/2021ps/eknih/2021ps/poslanci/i6759.jpg
6538,Martin Kupka,0,897,0.0,ODS,Středočeský,https://www.psp.cz/eknih/cdrom/2021ps/eknih/2021ps/poslanci/i6538.jpg
6473,Olga Richterová,7,884,0.79,Piráti,Hlavní město Praha,https://www.psp.cz/eknih/cdrom/2021ps/eknih/2021ps/poslanci/i6473.jpg
6433,Ivan Bartoš,5,884,0.57,Piráti,Ústecký,https://www.psp.cz/eknih/cdrom/2021ps/eknih/2021ps/poslanci/i6433.jpg
6477,Jakub Michálek,3,884,0.34,Piráti,Hlavní město Praha,https://www.psp.cz/eknih/cdrom/2021ps/eknih/2021ps/poslanci/i6477.jpg
6776,Klára Kocmanová,3,884,0.34,Piráti,Středočeský,https://www.psp.cz/eknih/cdrom/2021ps/eknih/2021ps/poslanci/i6776.jpg
207,Jaroslav Bašta,5,897,0.56,SPD,Pardubický,https://www.psp.cz/eknih/cdrom/2021ps/eknih/2021ps/poslanci/i207.jpg
6495,Radovan Vích,2,897,0.22,SPD,Liberecký,https://www.psp.cz/eknih/cdrom/2021ps/eknih/2021ps/poslanci/i6495.jpg
6445,Jaroslav Dvořák,2,897,0.22,SPD,Zlínský,https://www.psp.cz/eknih/cdrom/2021ps/eknih/2021ps/poslanci/i6445.jpg
5911,Jaroslav Foldyna,1,897,0.11,SPD,Ústecký,https://www.psp.cz/eknih/cdrom/2021ps/eknih/2021ps/poslanci/i5911.jpg
6783,Jan Síla,1,897,0.11,SPD,Moravskoslezský,https://www.psp.cz/eknih/cdrom/2021ps/eknih/2021ps/poslanci/i6783.jpg
6740,Karel Sládeček,1,897,0.11,SPD,Moravskoslezský,https://www.psp.cz/eknih/cdrom/2021ps/eknih/2021ps/poslanci/i6740.jpg
6508,Radek Koten,1,897,0.11,SPD,Vysočina,https://www.psp.cz/eknih/cdrom/2021ps/eknih/2021ps/poslanci/i6508.jpg
6521,Radek Rozvoral,1,897,0.11,SPD,Středočeský,https://www.psp.cz/eknih/cdrom/2021ps/eknih/2021ps/poslanci/i6521.jpg
5477,Vladimíra Lesenská,0,897,0.0,SPD,Královéhradecký,https://www.psp.cz/eknih/cdrom/2021ps/eknih/2021ps/poslanci/i5477.jpg
6503,Jiří Kobza,0,897,0.0,SPD,Hlavní město Praha,https://www.psp.cz/eknih/cdrom/2021ps/eknih/2021ps/poslanci/i6503.jpg
6773,Zdeněk Kettner,0,897,0.0,SPD,Ústecký,https://www.psp.cz/eknih/cdrom/2021ps/eknih/2021ps/poslanci/i6773.jpg
6105,Tomio Okamura,0,897,0.0,SPD,Moravskoslezský,https://www.psp.cz/eknih/cdrom/2021ps/eknih/2021ps/poslanci/i6105.jpg
6785,Iveta Štefanová,0,897,0.0,SPD,Jihočeský,https://www.psp.cz/eknih/cdrom/2021ps/eknih/2021ps/poslanci/i6785.jpg
6455,Jan Hrnčíř,0,897,0.0,SPD,Jihomoravský,https://www.psp.cz/eknih/cdrom/2021ps/eknih/2021ps/poslanci/i6455.jpg
6479,Lucie Šafránková,0,897,0.0,SPD,Jihomoravský,https://www.psp.cz/eknih/cdrom/2021ps/eknih/2021ps/poslanci/i6479.jpg
6745,Marie Pošarová,0,897,0.0,SPD,Plzeňský,https://www.psp.cz/eknih/cdrom/2021ps/eknih/2021ps/poslanci/i6745.jpg
6726,Oldřich Černý,0,897,0.0,SPD,Středočeský,https://www.psp.cz/eknih/cdrom/2021ps/eknih/2021ps/poslanci/i6726.jpg
6795,Vladimír Zlínský,0,897,0.0,SPD,Zlínský,https://www.psp.cz/eknih/cdrom/2021ps/eknih/2021ps/poslanci/i6795.jpg
5459,Radim Fiala,0,897,0.0,SPD,Olomoucký,https://www.psp.cz/eknih/cdrom/2021ps/eknih/2021ps/poslanci/i5459.jpg
6469,Karla Maříková,0,897,0.0,SPD,Karlovarský,https://www.psp.cz/eknih/cdrom/2021ps/eknih/2021ps/poslanci/i6469.jpg
6750,Josef Flek,18,898,2.0,STAN,Jihomoravský,https://www.psp.cz/eknih/cdrom/2021ps/eknih/2021ps/poslanci/i6750.jpg
6722,Jan Berki,6,898,0.67,STAN,Liberecký,https://www.psp.cz/eknih/cdrom/2021ps/eknih/2021ps/poslanci/i6722.jpg
5914,Petr Gazdík,6,898,0.67,STAN,Zlínský,https://www.psp.cz/eknih/cdrom/2021ps/eknih/2021ps/poslanci/i5914.jpg
6735,Jan Kuchař,6,898,0.67,STAN,Karlovarský,https://www.psp.cz/eknih/cdrom/2021ps/eknih/2021ps/poslanci/i6735.jpg
6214,Věra Kovářová,5,898,0.56,STAN,Středočeský,https://www.psp.cz/eknih/cdrom/2021ps/eknih/2021ps/poslanci/i6214.jpg
6790,Milada Voborská,3,898,0.33,STAN,Hlavní město Praha,https://www.psp.cz/eknih/cdrom/2021ps/eknih/2021ps/poslanci/i6790.jpg
6781,Michael Rataj,3,898,0.33,STAN,Moravskoslezský,https://www.psp.cz/eknih/cdrom/2021ps/eknih/2021ps/poslanci/i6781.jpg
6724,Josef Bernard,3,898,0.33,STAN,Plzeňský,https://www.psp.cz/eknih/cdrom/2021ps/eknih/2021ps/poslanci/i6724.jpg
6721,Roman Bělor,2,898,0.22,STAN,Hlavní město Praha,https://www.psp.cz/eknih/cdrom/2021ps/eknih/2021ps/poslanci/i6721.jpg
6737,Jan Lacina,2,898,0.22,STAN,Hlavní město Praha,https://www.psp.cz/eknih/cdrom/2021ps/eknih/2021ps/poslanci/i6737.jpg
6734,Petr Liška,2,898,0.22,STAN,Ústecký,https://www.psp.cz/eknih/cdrom/2021ps/eknih/2021ps/poslanci/i6734.jpg
6789,Lukáš Vlček,2,898,0.22,STAN,Vysočina,https://www.psp.cz/eknih/cdrom/2021ps/eknih/2021ps/poslanci/i6789.jpg
6747,Martin Exner,2,898,0.22,STAN,Středočeský,https://www.psp.cz/eknih/cdrom/2021ps/eknih/2021ps/poslanci/i6747.jpg
6779,Ondřej Lochman,2,898,0.22,STAN,Středočeský,https://www.psp.cz/eknih/cdrom/2021ps/eknih/2021ps/poslanci/i6779.jpg
6788,Barbora Urbanová,2,898,0.22,STAN,Středočeský,https://www.psp.cz/eknih/cdrom/2021ps/eknih/2021ps/poslanci/i6788.jpg
6809,Jarmila Levko,2,898,0.22,STAN,Liberecký,https://www.psp.cz/eknih/cdrom/2021ps/eknih/2021ps/poslanci/i6809.jpg
5901,Josef Cogan,1,898,0.11,STAN,Královéhradecký,https://www.psp.cz/eknih/cdrom/2021ps/eknih/2021ps/poslanci/i5901.jpg
6746,Lucie Potůčková,1,898,0.11,STAN,Královéhradecký,https://www.psp.cz/eknih/cdrom/2021ps/eknih/2021ps/poslanci/i6746.jpg
6797,Vladimír Balaš,1,898,0.11,STAN,Hlavní město Praha,https://www.psp.cz/eknih/cdrom/2021ps/eknih/2021ps/poslanci/i6797.jpg
6739,Petr Letocha,1,898,0.11,STAN,Moravskoslezský,https://www.psp.cz/eknih/cdrom/2021ps/eknih/2021ps/poslanci/i6739.jpg
6761,Petra Quittová,1,898,0.11,STAN,Jihomoravský,https://www.psp.cz/eknih/cdrom/2021ps/eknih/2021ps/poslanci/i6761.jpg
6728,Tomáš Dubský,1,898,0.11,STAN,Pardubický,https://www.psp.cz/eknih/cdrom/2021ps/eknih/2021ps/poslanci/i6728.jpg
6763,Michaela Šebelová,0,898,0.0,STAN,Moravskoslezský,https://www.psp.cz/eknih/cdrom/2021ps/eknih/2021ps/poslanci/i6763.jpg
6762,Pavla Pivoňka Vaňková,0,898,0.0,STAN,Jihočeský,https://www.psp.cz/eknih/cdrom/2021ps/eknih/2021ps/poslanci/i6762.jpg
6791,Viktor Vojtko,0,898,0.0,STAN,Jihočeský,https://www.psp.cz/eknih/cdrom/2021ps/eknih/2021ps/poslanci/i6791.jpg
6752,Martin Hájek,0,898,0.0,STAN,Jihomoravský,https://www.psp.cz/eknih/cdrom/2021ps/eknih/2021ps/poslanci/i6752.jpg
6466,Jana Krutáková,0,898,0.0,STAN,Jihomoravský,https://www.psp.cz/eknih/cdrom/2021ps/eknih/2021ps/poslanci/i6466.jpg
6798,Jiří Hájek,0,898,0.0,STAN,Pardubický,https://www.psp.cz/eknih/cdrom/2021ps/eknih/2021ps/poslanci/i6798.jpg
6767,Michaela Opltová,0,898,0.0,STAN,Plzeňský,https://www.psp.cz/eknih/cdrom/2021ps/eknih/2021ps/poslanci/i6767.jpg
6524,Vít Rakušan,0,898,0.0,STAN,Středočeský,https://www.psp.cz/eknih/cdrom/2021ps/eknih/2021ps/poslanci/i6524.jpg
6766,Eliška Olšáková,0,898,0.0,STAN,Zlínský,https://www.psp.cz/eknih/cdrom/2021ps/eknih/2021ps/poslanci/i6766.jpg
6772,Tomáš Müller,0,898,0.0,STAN,Olomoucký,https://www.psp.cz/eknih/cdrom/2021ps/eknih/2021ps/poslanci/i6772.jpg
6771,Hana Naiclerová,0,898,0.0,STAN,Olomoucký,https://www.psp.cz/eknih/cdrom/2021ps/eknih/2021ps/poslanci/i6771.jpg
6796,Michal Zuna,5,898,0.56,TOP09,Hlavní město Praha,https://www.psp.cz/eknih/cdrom/2021ps/eknih/2021ps/poslanci/i6796.jpg
6216,Michal Kučera,3,898,0.33,TOP09,Ústecký,https://www.psp.cz/eknih/cdrom/2021ps/eknih/2021ps/poslanci/i6216.jpg
6778,Martina Ochodnická,3,898,0.33,TOP09,Vysočina,https://www.psp.cz/eknih/cdrom/2021ps/eknih/2021ps/poslanci/i6778.jpg
6147,Markéta Pekarová Adamová,2,898,0.22,TOP09,Hlavní město Praha,https://www.psp.cz/eknih/cdrom/2021ps/eknih/2021ps/poslanci/i6147.jpg
6774,Pavel Klíma,1,898,0.11,TOP09,Jihočeský,https://www.psp.cz/eknih/cdrom/2021ps/eknih/2021ps/poslanci/i6774.jpg
6802,Pavel Svoboda,1,898,0.11,TOP09,Pardubický,https://www.psp.cz/eknih/cdrom/2021ps/eknih/2021ps/poslanci/i6802.jpg
6768,Miloš Nový,1,898,0.11,TOP09,Plzeňský,https://www.psp.cz/eknih/cdrom/2021ps/eknih/2021ps/poslanci/i6768.jpg
6154,Marek Ženíšek,1,898,0.11,TOP09,Plzeňský,https://www.psp.cz/eknih/cdrom/2021ps/eknih/2021ps/poslanci/i6154.jpg
6687,Jan Jakob,1,898,0.11,TOP09,Středočeský,https://www.psp.cz/eknih/cdrom/2021ps/eknih/2021ps/poslanci/i6687.jpg
5943,Helena Langšádlová,1,898,0.11,TOP09,Středočeský,https://www.psp.cz/eknih/cdrom/2021ps/eknih/2021ps/poslanci/i5943.jpg
6754,Matěj Ondřej Havel,0,898,0.0,TOP09,Královéhradecký,https://www.psp.cz/eknih/cdrom/2021ps/eknih/2021ps/poslanci/i6754.jpg
6799,Ondřej Kolář,0,898,0.0,TOP09,Hlavní město Praha,https://www.psp.cz/eknih/cdrom/2021ps/eknih/2021ps/poslanci/i6799.jpg
6482,Vlastimil Válek,0,898,0.0,TOP09,Jihomoravský,https://www.psp.cz/eknih/cdrom/2021ps/eknih/2021ps/poslanci/i6482.jpg
6741,Jiří Slavík,0,898,0.0,TOP09,Středočeský,https://www.psp.cz/eknih/cdrom/2021ps/eknih/2021ps/poslanci/i6741.jpg
