id,name,attendance,possible,last_group_abbreviation,region_name_cs,photo_url,účast
6518,Petr Sadovský,4672,5240,ANO,Královéhradecký,https://www.psp.cz/eknih/cdrom/2021ps/eknih/2021ps/poslanci/i6518.jpg,89
6463,Aleš Juchelka,4180,5240,ANO,Moravskoslezský,https://www.psp.cz/eknih/cdrom/2021ps/eknih/2021ps/poslanci/i6463.jpg,80
6201,Miloslav Janulík,3660,5240,ANO,Jihomoravský,https://www.psp.cz/eknih/cdrom/2021ps/eknih/2021ps/poslanci/i6201.jpg,70
6409,František Petrtýl,5023,5240,ANO,Středočeský,https://www.psp.cz/eknih/cdrom/2021ps/eknih/2021ps/poslanci/i6409.jpg,96
6458,Ivan Jáč,3559,5240,ANO,Liberecký,https://www.psp.cz/eknih/cdrom/2021ps/eknih/2021ps/poslanci/i6458.jpg,68
6202,Jaroslava Pokorná Jermanová,3838,5240,ANO,Středočeský,https://www.psp.cz/eknih/cdrom/2021ps/eknih/2021ps/poslanci/i6202.jpg,73
6527,David Pražák,4367,5240,ANO,Liberecký,https://www.psp.cz/eknih/cdrom/2021ps/eknih/2021ps/poslanci/i6527.jpg,83
6758,Igor Hendrych,4450,5240,ANO,Moravskoslezský,https://www.psp.cz/eknih/cdrom/2021ps/eknih/2021ps/poslanci/i6758.jpg,85
6756,Tomáš Helebrant,4788,5240,ANO,Středočeský,https://www.psp.cz/eknih/cdrom/2021ps/eknih/2021ps/poslanci/i6756.jpg,91
6209,David Kasal,2872,5240,ANO,Pardubický,https://www.psp.cz/eknih/cdrom/2021ps/eknih/2021ps/poslanci/i6209.jpg,55
6158,Karel Rais,4073,5240,ANO,Jihomoravský,https://www.psp.cz/eknih/cdrom/2021ps/eknih/2021ps/poslanci/i6158.jpg,78
6523,Michal Ratiborský,4222,5240,ANO,Moravskoslezský,https://www.psp.cz/eknih/cdrom/2021ps/eknih/2021ps/poslanci/i6523.jpg,81
6753,Jana Hanzlíková,4247,5240,ANO,Pardubický,https://www.psp.cz/eknih/cdrom/2021ps/eknih/2021ps/poslanci/i6753.jpg,81
6500,Jan Richter,3552,5240,ANO,Ústecký,https://www.psp.cz/eknih/cdrom/2021ps/eknih/2021ps/poslanci/i6500.jpg,68
6520,Pavel Růžička,3973,5240,ANO,Ústecký,https://www.psp.cz/eknih/cdrom/2021ps/eknih/2021ps/poslanci/i6520.jpg,76
6782,Drahoslav Ryba,4969,5240,ANO,Vysočina,https://www.psp.cz/eknih/cdrom/2021ps/eknih/2021ps/poslanci/i6782.jpg,95
6451,Stanislav Fridrich,3673,5240,ANO,Moravskoslezský,https://www.psp.cz/eknih/cdrom/2021ps/eknih/2021ps/poslanci/i6451.jpg,70
6545,Alena Schillerová,4920,5240,ANO,Jihomoravský,https://www.psp.cz/eknih/cdrom/2021ps/eknih/2021ps/poslanci/i6545.jpg,94
6749,Romana Fischerová,4236,5240,ANO,Středočeský,https://www.psp.cz/eknih/cdrom/2021ps/eknih/2021ps/poslanci/i6749.jpg,81
6621,Karel Havlíček,4237,5240,ANO,Středočeský,https://www.psp.cz/eknih/cdrom/2021ps/eknih/2021ps/poslanci/i6621.jpg,81
6780,Berenika Peštová,4763,5240,ANO,Ústecký,https://www.psp.cz/eknih/cdrom/2021ps/eknih/2021ps/poslanci/i6780.jpg,91
6225,Jana Pastuchová,4038,5240,ANO,Liberecký,https://www.psp.cz/eknih/cdrom/2021ps/eknih/2021ps/poslanci/i6225.jpg,77
6474,Zuzana Ožanová,4808,5240,ANO,Moravskoslezský,https://www.psp.cz/eknih/cdrom/2021ps/eknih/2021ps/poslanci/i6474.jpg,92
6468,Taťána Malá,4584,5240,ANO,Jihomoravský,https://www.psp.cz/eknih/cdrom/2021ps/eknih/2021ps/poslanci/i6468.jpg,87
6534,Jiří Mašek,3880,5240,ANO,Královéhradecký,https://www.psp.cz/eknih/cdrom/2021ps/eknih/2021ps/poslanci/i6534.jpg,74
6544,Lubomír Metnar,4137,5240,ANO,Moravskoslezský,https://www.psp.cz/eknih/cdrom/2021ps/eknih/2021ps/poslanci/i6544.jpg,79
6738,Hubert Lang,4844,5240,ANO,Plzeňský,https://www.psp.cz/eknih/cdrom/2021ps/eknih/2021ps/poslanci/i6738.jpg,92
6471,Jana Mračková Vildumetzová,4349,5240,ANO,Karlovarský,https://www.psp.cz/eknih/cdrom/2021ps/eknih/2021ps/poslanci/i6471.jpg,83
6177,Margita Balaštíková,3997,5224,ANO,Zlínský,https://www.psp.cz/eknih/cdrom/2021ps/eknih/2021ps/poslanci/i6177.jpg,77
6736,Martin Kukla,5162,5240,ANO,Vysočina,https://www.psp.cz/eknih/cdrom/2021ps/eknih/2021ps/poslanci/i6736.jpg,99
6487,Patrik Nacher,3699,5240,ANO,Hlavní město Praha,https://www.psp.cz/eknih/cdrom/2021ps/eknih/2021ps/poslanci/i6487.jpg,71
6511,Jan Kubík,3953,5240,ANO,Jihočeský,https://www.psp.cz/eknih/cdrom/2021ps/eknih/2021ps/poslanci/i6511.jpg,75
6215,Roman Kubíček,5054,5240,ANO,Jihočeský,https://www.psp.cz/eknih/cdrom/2021ps/eknih/2021ps/poslanci/i6215.jpg,96
6509,Robert Králíček,4171,5240,ANO,Hlavní město Praha,https://www.psp.cz/eknih/cdrom/2021ps/eknih/2021ps/poslanci/i6509.jpg,80
6533,Marek Novák,4855,5240,ANO,Zlínský,https://www.psp.cz/eknih/cdrom/2021ps/eknih/2021ps/poslanci/i6533.jpg,93
6246,Josef Kott,4764,5240,ANO,Vysočina,https://www.psp.cz/eknih/cdrom/2021ps/eknih/2021ps/poslanci/i6246.jpg,91
6475,Monika Oborná,4645,5240,ANO,Vysočina,https://www.psp.cz/eknih/cdrom/2021ps/eknih/2021ps/poslanci/i6475.jpg,89
6211,Martin Kolovratník,3318,5240,ANO,Pardubický,https://www.psp.cz/eknih/cdrom/2021ps/eknih/2021ps/poslanci/i6211.jpg,63
6506,Tomáš Kohoutek,3651,5240,ANO,Ústecký,https://www.psp.cz/eknih/cdrom/2021ps/eknih/2021ps/poslanci/i6506.jpg,70
6172,Ladislav Okleštěk,4681,5240,ANO,Olomoucký,https://www.psp.cz/eknih/cdrom/2021ps/eknih/2021ps/poslanci/i6172.jpg,89
6770,Renata Oulehlová,4073,5240,ANO,Karlovarský,https://www.psp.cz/eknih/cdrom/2021ps/eknih/2021ps/poslanci/i6770.jpg,78
6775,Lenka Knechtová,4481,5240,ANO,Jihomoravský,https://www.psp.cz/eknih/cdrom/2021ps/eknih/2021ps/poslanci/i6775.jpg,86
6457,Eva Fialová,4451,5240,ANO,Ústecký,https://www.psp.cz/eknih/cdrom/2021ps/eknih/2021ps/poslanci/i6457.jpg,85
6448,Milan Feranec,3782,5240,ANO,Olomoucký,https://www.psp.cz/eknih/cdrom/2021ps/eknih/2021ps/poslanci/i6448.jpg,72
6732,Ivana Mádlová,4348,5240,ANO,Plzeňský,https://www.psp.cz/eknih/cdrom/2021ps/eknih/2021ps/poslanci/i6732.jpg,83
6184,Richard Brabec,4675,5240,ANO,Jihočeský,https://www.psp.cz/eknih/cdrom/2021ps/eknih/2021ps/poslanci/i6184.jpg,89
6168,Helena Válková,3435,5240,ANO,Středočeský,https://www.psp.cz/eknih/cdrom/2021ps/eknih/2021ps/poslanci/i6168.jpg,66
6447,Kamal Farhan,5012,5240,ANO,Plzeňský,https://www.psp.cz/eknih/cdrom/2021ps/eknih/2021ps/poslanci/i6447.jpg,96
6240,Karel Tureček,2862,5240,ANO,Jihočeský,https://www.psp.cz/eknih/cdrom/2021ps/eknih/2021ps/poslanci/i6240.jpg,55
6166,Jan Volný,3681,5240,ANO,Plzeňský,https://www.psp.cz/eknih/cdrom/2021ps/eknih/2021ps/poslanci/i6166.jpg,70
6731,Milan Wenzl,1922,5240,ANO,Hlavní město Praha,https://www.psp.cz/eknih/cdrom/2021ps/eknih/2021ps/poslanci/i6731.jpg,37
6165,Radek Vondráček,3870,5240,ANO,Zlínský,https://www.psp.cz/eknih/cdrom/2021ps/eknih/2021ps/poslanci/i6165.jpg,74
6185,Milan Brázdil,4150,5240,ANO,Olomoucký,https://www.psp.cz/eknih/cdrom/2021ps/eknih/2021ps/poslanci/i6185.jpg,79
6725,Lubomír Brož,4801,5240,ANO,Hlavní město Praha,https://www.psp.cz/eknih/cdrom/2021ps/eknih/2021ps/poslanci/i6725.jpg,92
6441,Jaroslav Bžoch,3575,5240,ANO,Ústecký,https://www.psp.cz/eknih/cdrom/2021ps/eknih/2021ps/poslanci/i6441.jpg,68
6437,Josef Bělica,3366,5240,ANO,Moravskoslezský,https://www.psp.cz/eknih/cdrom/2021ps/eknih/2021ps/poslanci/i6437.jpg,64
6143,Stanislav Berkovec,5090,5240,ANO,Středočeský,https://www.psp.cz/eknih/cdrom/2021ps/eknih/2021ps/poslanci/i6143.jpg,97
6505,Julius Špičák,2763,5240,ANO,Středočeský,https://www.psp.cz/eknih/cdrom/2021ps/eknih/2021ps/poslanci/i6505.jpg,53
6484,David Štolpa,4679,5240,ANO,Jihomoravský,https://www.psp.cz/eknih/cdrom/2021ps/eknih/2021ps/poslanci/i6484.jpg,89
6723,Jana Berkovcová,3962,5240,ANO,Královéhradecký,https://www.psp.cz/eknih/cdrom/2021ps/eknih/2021ps/poslanci/i6723.jpg,76
6430,Klára Dostálová,4210,5240,ANO,Královéhradecký,https://www.psp.cz/eknih/cdrom/2021ps/eknih/2021ps/poslanci/i6430.jpg,80
6431,Lenka Dražilová,3769,5240,ANO,Jihomoravský,https://www.psp.cz/eknih/cdrom/2021ps/eknih/2021ps/poslanci/i6431.jpg,72
6743,Robert Stržínek,4660,5240,ANO,Zlínský,https://www.psp.cz/eknih/cdrom/2021ps/eknih/2021ps/poslanci/i6743.jpg,89
6730,Lubomír Wenzl,5064,5240,ANO,Jihomoravský,https://www.psp.cz/eknih/cdrom/2021ps/eknih/2021ps/poslanci/i6730.jpg,97
6190,Jaroslav Faltýnek,2931,5240,ANO,Olomoucký,https://www.psp.cz/eknih/cdrom/2021ps/eknih/2021ps/poslanci/i6190.jpg,56
6254,Věra Adámková,3773,5240,ANO,Hlavní město Praha,https://www.psp.cz/eknih/cdrom/2021ps/eknih/2021ps/poslanci/i6254.jpg,72
6623,Ondřej Babka,4800,5240,ANO,Jihočeský,https://www.psp.cz/eknih/cdrom/2021ps/eknih/2021ps/poslanci/i6623.jpg,92
6490,Petr Vrána,3447,5240,ANO,Olomoucký,https://www.psp.cz/eknih/cdrom/2021ps/eknih/2021ps/poslanci/i6490.jpg,66
6428,Andrea Babišová,3283,5240,ANO,Moravskoslezský,https://www.psp.cz/eknih/cdrom/2021ps/eknih/2021ps/poslanci/i6428.jpg,63
6515,Jiří Strýček,4091,5240,ANO,Moravskoslezský,https://www.psp.cz/eknih/cdrom/2021ps/eknih/2021ps/poslanci/i6515.jpg,78
6150,Andrej Babiš,2430,5240,ANO,Ústecký,https://www.psp.cz/eknih/cdrom/2021ps/eknih/2021ps/poslanci/i6150.jpg,46
6179,Ondřej Benešík,3464,5240,KDU-ČSL,Zlínský,https://www.psp.cz/eknih/cdrom/2021ps/eknih/2021ps/poslanci/i6179.jpg,66
6176,Nina Nováková,4328,5240,KDU-ČSL,Středočeský,https://www.psp.cz/eknih/cdrom/2021ps/eknih/2021ps/poslanci/i6176.jpg,83
6769,Hayato Okamura,4065,5240,KDU-ČSL,Hlavní město Praha,https://www.psp.cz/eknih/cdrom/2021ps/eknih/2021ps/poslanci/i6769.jpg,78
6720,Romana Bělohlávková,4703,5240,KDU-ČSL,Vysočina,https://www.psp.cz/eknih/cdrom/2021ps/eknih/2021ps/poslanci/i6720.jpg,90
6513,Marek Výborný,4336,5240,KDU-ČSL,Pardubický,https://www.psp.cz/eknih/cdrom/2021ps/eknih/2021ps/poslanci/i6513.jpg,83
6138,Pavel Bělobrádek,3865,5240,KDU-ČSL,Královéhradecký,https://www.psp.cz/eknih/cdrom/2021ps/eknih/2021ps/poslanci/i6138.jpg,74
6777,Michael Kohajda,4244,5240,KDU-ČSL,Olomoucký,https://www.psp.cz/eknih/cdrom/2021ps/eknih/2021ps/poslanci/i6777.jpg,81
6801,Jiří Navrátil,4463,5240,KDU-ČSL,Moravskoslezský,https://www.psp.cz/eknih/cdrom/2021ps/eknih/2021ps/poslanci/i6801.jpg,85
6207,Vít Kaňkovský,4810,5240,KDU-ČSL,Vysočina,https://www.psp.cz/eknih/cdrom/2021ps/eknih/2021ps/poslanci/i6207.jpg,92
6205,Marian Jurečka,3629,5240,KDU-ČSL,Olomoucký,https://www.psp.cz/eknih/cdrom/2021ps/eknih/2021ps/poslanci/i6205.jpg,69
6742,Karel Smetana,4312,5240,KDU-ČSL,Olomoucký,https://www.psp.cz/eknih/cdrom/2021ps/eknih/2021ps/poslanci/i6742.jpg,82
6729,Aleš Dufek,4652,5240,KDU-ČSL,Zlínský,https://www.psp.cz/eknih/cdrom/2021ps/eknih/2021ps/poslanci/i6729.jpg,89
6292,Pavla Golasowská,4030,5240,KDU-ČSL,Moravskoslezský,https://www.psp.cz/eknih/cdrom/2021ps/eknih/2021ps/poslanci/i6292.jpg,77
6784,David Šimek,4059,5240,KDU-ČSL,Pardubický,https://www.psp.cz/eknih/cdrom/2021ps/eknih/2021ps/poslanci/i6784.jpg,77
6794,Miroslav Zborovský,4703,5240,KDU-ČSL,Jihomoravský,https://www.psp.cz/eknih/cdrom/2021ps/eknih/2021ps/poslanci/i6794.jpg,90
6757,Šimon Heller,3742,5240,KDU-ČSL,Jihočeský,https://www.psp.cz/eknih/cdrom/2021ps/eknih/2021ps/poslanci/i6757.jpg,71
5449,Jiří Carbol,4503,5240,KDU-ČSL,Moravskoslezský,https://www.psp.cz/eknih/cdrom/2021ps/eknih/2021ps/poslanci/i5449.jpg,86
6803,Jiří Horák,4246,5240,KDU-ČSL,Jihomoravský,https://www.psp.cz/eknih/cdrom/2021ps/eknih/2021ps/poslanci/i6803.jpg,81
6555,Tom Philipp,4745,5240,KDU-ČSL,Hlavní město Praha,https://www.psp.cz/eknih/cdrom/2021ps/eknih/2021ps/poslanci/i6555.jpg,91
5332,Antonín Tesařík,4846,5240,KDU-ČSL,Jihomoravský,https://www.psp.cz/eknih/cdrom/2021ps/eknih/2021ps/poslanci/i5332.jpg,92
6764,Marie Jílková,4332,5240,KDU-ČSL,Jihomoravský,https://www.psp.cz/eknih/cdrom/2021ps/eknih/2021ps/poslanci/i6764.jpg,83
6786,Róbert Teleky,4527,5240,KDU-ČSL,Zlínský,https://www.psp.cz/eknih/cdrom/2021ps/eknih/2021ps/poslanci/i6786.jpg,86
6178,Jan Bartošek,3799,5240,KDU-ČSL,Jihočeský,https://www.psp.cz/eknih/cdrom/2021ps/eknih/2021ps/poslanci/i6178.jpg,72
5226,Pavel Žáček,4292,5240,ODS,Hlavní město Praha,https://www.psp.cz/eknih/cdrom/2021ps/eknih/2021ps/poslanci/i5226.jpg,82
6486,Vojtěch Munzar,4237,5240,ODS,Středočeský,https://www.psp.cz/eknih/cdrom/2021ps/eknih/2021ps/poslanci/i6486.jpg,81
6793,Renáta Zajíčková,4529,5240,ODS,Hlavní město Praha,https://www.psp.cz/eknih/cdrom/2021ps/eknih/2021ps/poslanci/i6793.jpg,86
5968,Pavel Staněk,3775,5240,ODS,Královéhradecký,https://www.psp.cz/eknih/cdrom/2021ps/eknih/2021ps/poslanci/i5968.jpg,72
6792,Vít Vomáčka,4395,5240,ODS,Liberecký,https://www.psp.cz/eknih/cdrom/2021ps/eknih/2021ps/poslanci/i6792.jpg,84
6787,Libor Turek,5105,5240,ODS,Ústecký,https://www.psp.cz/eknih/cdrom/2021ps/eknih/2021ps/poslanci/i6787.jpg,97
6007,Bohuslav Svoboda,3466,5240,ODS,Hlavní město Praha,https://www.psp.cz/eknih/cdrom/2021ps/eknih/2021ps/poslanci/i6007.jpg,66
6733,Martin Major,4681,5240,ODS,Olomoucký,https://www.psp.cz/eknih/cdrom/2021ps/eknih/2021ps/poslanci/i6733.jpg,89
6744,Rudolf Salvetr,4780,5240,ODS,Plzeňský,https://www.psp.cz/eknih/cdrom/2021ps/eknih/2021ps/poslanci/i6744.jpg,91
5969,Zbyněk Stanjura,3299,5240,ODS,Moravskoslezský,https://www.psp.cz/eknih/cdrom/2021ps/eknih/2021ps/poslanci/i5969.jpg,63
6418,Jan Skopeček,4167,5240,ODS,Středočeský,https://www.psp.cz/eknih/cdrom/2021ps/eknih/2021ps/poslanci/i6418.jpg,80
6804,Zdenka Němečková Crkvenjaš,3317,5240,ODS,Moravskoslezský,https://www.psp.cz/eknih/cdrom/2021ps/eknih/2021ps/poslanci/i6804.jpg,63
5700,Ivan Adamec,4651,5239,ODS,Královéhradecký,https://www.psp.cz/eknih/cdrom/2021ps/eknih/2021ps/poslanci/i5700.jpg,89
6538,Martin Kupka,3243,5240,ODS,Středočeský,https://www.psp.cz/eknih/cdrom/2021ps/eknih/2021ps/poslanci/i6538.jpg,62
6765,Pavel Kašník,3909,5240,ODS,Jihomoravský,https://www.psp.cz/eknih/cdrom/2021ps/eknih/2021ps/poslanci/i6765.jpg,75
6079,Pavel Blažek,3037,5240,ODS,Jihomoravský,https://www.psp.cz/eknih/cdrom/2021ps/eknih/2021ps/poslanci/i6079.jpg,58
6459,Jakub Janda,4776,5240,ODS,Moravskoslezský,https://www.psp.cz/eknih/cdrom/2021ps/eknih/2021ps/poslanci/i6459.jpg,91
6755,Jiří Havránek,4844,5240,ODS,Středočeský,https://www.psp.cz/eknih/cdrom/2021ps/eknih/2021ps/poslanci/i6755.jpg,92
5899,Jan Bureš,3393,5240,ODS,Karlovarský,https://www.psp.cz/eknih/cdrom/2021ps/eknih/2021ps/poslanci/i5899.jpg,65
5903,Jana Černochová,2584,5240,ODS,Hlavní město Praha,https://www.psp.cz/eknih/cdrom/2021ps/eknih/2021ps/poslanci/i5903.jpg,49
6751,Karel Haas,5033,5240,ODS,Pardubický,https://www.psp.cz/eknih/cdrom/2021ps/eknih/2021ps/poslanci/i6751.jpg,96
346,Petr Bendl,4331,5240,ODS,Středočeský,https://www.psp.cz/eknih/cdrom/2021ps/eknih/2021ps/poslanci/i346.jpg,83
6759,Jan Hofmann,4694,5240,ODS,Středočeský,https://www.psp.cz/eknih/cdrom/2021ps/eknih/2021ps/poslanci/i6759.jpg,90
6800,Václav Král,3448,5240,ODS,Jihočeský,https://www.psp.cz/eknih/cdrom/2021ps/eknih/2021ps/poslanci/i6800.jpg,66
6510,Karel Krejza,4121,5240,ODS,Ústecký,https://www.psp.cz/eknih/cdrom/2021ps/eknih/2021ps/poslanci/i6510.jpg,79
4,Marek Benda,4191,5240,ODS,Hlavní město Praha,https://www.psp.cz/eknih/cdrom/2021ps/eknih/2021ps/poslanci/i4.jpg,80
6438,Stanislav Blaha,4005,5240,ODS,Zlínský,https://www.psp.cz/eknih/cdrom/2021ps/eknih/2021ps/poslanci/i6438.jpg,76
6435,Martin Baxa,3917,5240,ODS,Plzeňský,https://www.psp.cz/eknih/cdrom/2021ps/eknih/2021ps/poslanci/i6435.jpg,75
5379,Jan Bauer,3699,5240,ODS,Jihočeský,https://www.psp.cz/eknih/cdrom/2021ps/eknih/2021ps/poslanci/i5379.jpg,71
6748,Petr Fifka,4281,5240,ODS,Hlavní město Praha,https://www.psp.cz/eknih/cdrom/2021ps/eknih/2021ps/poslanci/i6748.jpg,82
6719,Jana Bačíková,4247,5240,ODS,Jihomoravský,https://www.psp.cz/eknih/cdrom/2021ps/eknih/2021ps/poslanci/i6719.jpg,81
6074,Petr Fiala,2998,5240,ODS,Jihomoravský,https://www.psp.cz/eknih/cdrom/2021ps/eknih/2021ps/poslanci/i6074.jpg,57
6436,Petr Beitl,4303,5240,ODS,Liberecký,https://www.psp.cz/eknih/cdrom/2021ps/eknih/2021ps/poslanci/i6436.jpg,82
6727,Eva Decroix,3844,5240,ODS,Vysočina,https://www.psp.cz/eknih/cdrom/2021ps/eknih/2021ps/poslanci/i6727.jpg,73
6433,Ivan Bartoš,3707,5240,Piráti,Ústecký,https://www.psp.cz/eknih/cdrom/2021ps/eknih/2021ps/poslanci/i6433.jpg,71
6477,Jakub Michálek,4234,5240,Piráti,Hlavní město Praha,https://www.psp.cz/eknih/cdrom/2021ps/eknih/2021ps/poslanci/i6477.jpg,81
6776,Klára Kocmanová,4841,5240,Piráti,Středočeský,https://www.psp.cz/eknih/cdrom/2021ps/eknih/2021ps/poslanci/i6776.jpg,92
6473,Olga Richterová,4790,5240,Piráti,Hlavní město Praha,https://www.psp.cz/eknih/cdrom/2021ps/eknih/2021ps/poslanci/i6473.jpg,91
5459,Radim Fiala,3118,5240,SPD,Olomoucký,https://www.psp.cz/eknih/cdrom/2021ps/eknih/2021ps/poslanci/i5459.jpg,60
6783,Jan Síla,4421,5240,SPD,Moravskoslezský,https://www.psp.cz/eknih/cdrom/2021ps/eknih/2021ps/poslanci/i6783.jpg,84
6740,Karel Sládeček,4543,5240,SPD,Moravskoslezský,https://www.psp.cz/eknih/cdrom/2021ps/eknih/2021ps/poslanci/i6740.jpg,87
6521,Radek Rozvoral,5203,5240,SPD,Středočeský,https://www.psp.cz/eknih/cdrom/2021ps/eknih/2021ps/poslanci/i6521.jpg,99
5911,Jaroslav Foldyna,2956,5240,SPD,Ústecký,https://www.psp.cz/eknih/cdrom/2021ps/eknih/2021ps/poslanci/i5911.jpg,56
6479,Lucie Šafránková,4660,5240,SPD,Jihomoravský,https://www.psp.cz/eknih/cdrom/2021ps/eknih/2021ps/poslanci/i6479.jpg,89
6785,Iveta Štefanová,4657,5240,SPD,Jihočeský,https://www.psp.cz/eknih/cdrom/2021ps/eknih/2021ps/poslanci/i6785.jpg,89
6726,Oldřich Černý,4984,5240,SPD,Středočeský,https://www.psp.cz/eknih/cdrom/2021ps/eknih/2021ps/poslanci/i6726.jpg,95
6445,Jaroslav Dvořák,2202,5240,SPD,Zlínský,https://www.psp.cz/eknih/cdrom/2021ps/eknih/2021ps/poslanci/i6445.jpg,42
6455,Jan Hrnčíř,3470,5240,SPD,Jihomoravský,https://www.psp.cz/eknih/cdrom/2021ps/eknih/2021ps/poslanci/i6455.jpg,66
6795,Vladimír Zlínský,4134,5240,SPD,Zlínský,https://www.psp.cz/eknih/cdrom/2021ps/eknih/2021ps/poslanci/i6795.jpg,79
6469,Karla Maříková,4558,5240,SPD,Karlovarský,https://www.psp.cz/eknih/cdrom/2021ps/eknih/2021ps/poslanci/i6469.jpg,87
5477,Vladimíra Lesenská,4567,5240,SPD,Královéhradecký,https://www.psp.cz/eknih/cdrom/2021ps/eknih/2021ps/poslanci/i5477.jpg,87
207,Jaroslav Bašta,1888,5240,SPD,Pardubický,https://www.psp.cz/eknih/cdrom/2021ps/eknih/2021ps/poslanci/i207.jpg,36
6508,Radek Koten,4042,5240,SPD,Vysočina,https://www.psp.cz/eknih/cdrom/2021ps/eknih/2021ps/poslanci/i6508.jpg,77
6745,Marie Pošarová,4370,5240,SPD,Plzeňský,https://www.psp.cz/eknih/cdrom/2021ps/eknih/2021ps/poslanci/i6745.jpg,83
6503,Jiří Kobza,3801,5240,SPD,Hlavní město Praha,https://www.psp.cz/eknih/cdrom/2021ps/eknih/2021ps/poslanci/i6503.jpg,73
6105,Tomio Okamura,3960,5240,SPD,Moravskoslezský,https://www.psp.cz/eknih/cdrom/2021ps/eknih/2021ps/poslanci/i6105.jpg,76
6773,Zdeněk Kettner,4311,5240,SPD,Ústecký,https://www.psp.cz/eknih/cdrom/2021ps/eknih/2021ps/poslanci/i6773.jpg,82
6495,Radovan Vích,3812,5240,SPD,Liberecký,https://www.psp.cz/eknih/cdrom/2021ps/eknih/2021ps/poslanci/i6495.jpg,73
6789,Lukáš Vlček,4030,5240,STAN,Vysočina,https://www.psp.cz/eknih/cdrom/2021ps/eknih/2021ps/poslanci/i6789.jpg,77
6790,Milada Voborská,4776,5240,STAN,Hlavní město Praha,https://www.psp.cz/eknih/cdrom/2021ps/eknih/2021ps/poslanci/i6790.jpg,91
6763,Michaela Šebelová,4471,5240,STAN,Moravskoslezský,https://www.psp.cz/eknih/cdrom/2021ps/eknih/2021ps/poslanci/i6763.jpg,85
6791,Viktor Vojtko,4604,5240,STAN,Jihočeský,https://www.psp.cz/eknih/cdrom/2021ps/eknih/2021ps/poslanci/i6791.jpg,88
5901,Josef Cogan,5160,5240,STAN,Královéhradecký,https://www.psp.cz/eknih/cdrom/2021ps/eknih/2021ps/poslanci/i5901.jpg,98
6721,Roman Bělor,4070,5240,STAN,Hlavní město Praha,https://www.psp.cz/eknih/cdrom/2021ps/eknih/2021ps/poslanci/i6721.jpg,78
6722,Jan Berki,4732,5240,STAN,Liberecký,https://www.psp.cz/eknih/cdrom/2021ps/eknih/2021ps/poslanci/i6722.jpg,90
6797,Vladimír Balaš,3627,5240,STAN,Hlavní město Praha,https://www.psp.cz/eknih/cdrom/2021ps/eknih/2021ps/poslanci/i6797.jpg,69
6728,Tomáš Dubský,4914,5240,STAN,Pardubický,https://www.psp.cz/eknih/cdrom/2021ps/eknih/2021ps/poslanci/i6728.jpg,94
6788,Barbora Urbanová,4087,5240,STAN,Středočeský,https://www.psp.cz/eknih/cdrom/2021ps/eknih/2021ps/poslanci/i6788.jpg,78
6724,Josef Bernard,3614,5240,STAN,Plzeňský,https://www.psp.cz/eknih/cdrom/2021ps/eknih/2021ps/poslanci/i6724.jpg,69
6734,Petr Liška,4393,5240,STAN,Ústecký,https://www.psp.cz/eknih/cdrom/2021ps/eknih/2021ps/poslanci/i6734.jpg,84
5914,Petr Gazdík,3788,5240,STAN,Zlínský,https://www.psp.cz/eknih/cdrom/2021ps/eknih/2021ps/poslanci/i5914.jpg,72
6767,Michaela Opltová,4041,5240,STAN,Plzeňský,https://www.psp.cz/eknih/cdrom/2021ps/eknih/2021ps/poslanci/i6767.jpg,77
6739,Petr Letocha,4737,5240,STAN,Moravskoslezský,https://www.psp.cz/eknih/cdrom/2021ps/eknih/2021ps/poslanci/i6739.jpg,90
6737,Jan Lacina,3965,5240,STAN,Hlavní město Praha,https://www.psp.cz/eknih/cdrom/2021ps/eknih/2021ps/poslanci/i6737.jpg,76
6772,Tomáš Müller,5063,5240,STAN,Olomoucký,https://www.psp.cz/eknih/cdrom/2021ps/eknih/2021ps/poslanci/i6772.jpg,97
6735,Jan Kuchař,4044,5240,STAN,Karlovarský,https://www.psp.cz/eknih/cdrom/2021ps/eknih/2021ps/poslanci/i6735.jpg,77
6771,Hana Naiclerová,4581,5240,STAN,Olomoucký,https://www.psp.cz/eknih/cdrom/2021ps/eknih/2021ps/poslanci/i6771.jpg,87
6466,Jana Krutáková,3479,5240,STAN,Jihomoravský,https://www.psp.cz/eknih/cdrom/2021ps/eknih/2021ps/poslanci/i6466.jpg,66
6214,Věra Kovářová,4366,5240,STAN,Středočeský,https://www.psp.cz/eknih/cdrom/2021ps/eknih/2021ps/poslanci/i6214.jpg,83
6766,Eliška Olšáková,4160,5240,STAN,Zlínský,https://www.psp.cz/eknih/cdrom/2021ps/eknih/2021ps/poslanci/i6766.jpg,79
6747,Martin Exner,4317,5240,STAN,Středočeský,https://www.psp.cz/eknih/cdrom/2021ps/eknih/2021ps/poslanci/i6747.jpg,82
6762,Pavla Pivoňka Vaňková,4427,5240,STAN,Jihočeský,https://www.psp.cz/eknih/cdrom/2021ps/eknih/2021ps/poslanci/i6762.jpg,84
6809,Jarmila Levko,4332,4931,STAN,Liberecký,https://www.psp.cz/eknih/cdrom/2021ps/eknih/2021ps/poslanci/i6809.jpg,88
6752,Martin Hájek,4575,5240,STAN,Jihomoravský,https://www.psp.cz/eknih/cdrom/2021ps/eknih/2021ps/poslanci/i6752.jpg,87
6761,Petra Quittová,3922,5240,STAN,Jihomoravský,https://www.psp.cz/eknih/cdrom/2021ps/eknih/2021ps/poslanci/i6761.jpg,75
6524,Vít Rakušan,2918,5240,STAN,Středočeský,https://www.psp.cz/eknih/cdrom/2021ps/eknih/2021ps/poslanci/i6524.jpg,56
6781,Michael Rataj,5157,5240,STAN,Moravskoslezský,https://www.psp.cz/eknih/cdrom/2021ps/eknih/2021ps/poslanci/i6781.jpg,98
6750,Josef Flek,4025,5240,STAN,Jihomoravský,https://www.psp.cz/eknih/cdrom/2021ps/eknih/2021ps/poslanci/i6750.jpg,77
6746,Lucie Potůčková,3429,5240,STAN,Královéhradecký,https://www.psp.cz/eknih/cdrom/2021ps/eknih/2021ps/poslanci/i6746.jpg,65
6779,Ondřej Lochman,4466,5240,STAN,Středočeský,https://www.psp.cz/eknih/cdrom/2021ps/eknih/2021ps/poslanci/i6779.jpg,85
6798,Jiří Hájek,3938,5240,STAN,Pardubický,https://www.psp.cz/eknih/cdrom/2021ps/eknih/2021ps/poslanci/i6798.jpg,75
6154,Marek Ženíšek,3946,5240,TOP09,Plzeňský,https://www.psp.cz/eknih/cdrom/2021ps/eknih/2021ps/poslanci/i6154.jpg,75
6778,Martina Ochodnická,4821,5240,TOP09,Vysočina,https://www.psp.cz/eknih/cdrom/2021ps/eknih/2021ps/poslanci/i6778.jpg,92
6796,Michal Zuna,4958,5240,TOP09,Hlavní město Praha,https://www.psp.cz/eknih/cdrom/2021ps/eknih/2021ps/poslanci/i6796.jpg,95
6802,Pavel Svoboda,4706,5240,TOP09,Pardubický,https://www.psp.cz/eknih/cdrom/2021ps/eknih/2021ps/poslanci/i6802.jpg,90
5943,Helena Langšádlová,3637,5240,TOP09,Středočeský,https://www.psp.cz/eknih/cdrom/2021ps/eknih/2021ps/poslanci/i5943.jpg,69
6687,Jan Jakob,4888,5240,TOP09,Středočeský,https://www.psp.cz/eknih/cdrom/2021ps/eknih/2021ps/poslanci/i6687.jpg,93
6754,Matěj Ondřej Havel,4758,5240,TOP09,Královéhradecký,https://www.psp.cz/eknih/cdrom/2021ps/eknih/2021ps/poslanci/i6754.jpg,91
6768,Miloš Nový,4886,5240,TOP09,Plzeňský,https://www.psp.cz/eknih/cdrom/2021ps/eknih/2021ps/poslanci/i6768.jpg,93
6799,Ondřej Kolář,4382,5240,TOP09,Hlavní město Praha,https://www.psp.cz/eknih/cdrom/2021ps/eknih/2021ps/poslanci/i6799.jpg,84
6774,Pavel Klíma,4387,5240,TOP09,Jihočeský,https://www.psp.cz/eknih/cdrom/2021ps/eknih/2021ps/poslanci/i6774.jpg,84
6147,Markéta Pekarová Adamová,3804,5240,TOP09,Hlavní město Praha,https://www.psp.cz/eknih/cdrom/2021ps/eknih/2021ps/poslanci/i6147.jpg,73
6482,Vlastimil Válek,2610,5240,TOP09,Jihomoravský,https://www.psp.cz/eknih/cdrom/2021ps/eknih/2021ps/poslanci/i6482.jpg,50
6216,Michal Kučera,4219,5240,TOP09,Ústecký,https://www.psp.cz/eknih/cdrom/2021ps/eknih/2021ps/poslanci/i6216.jpg,81
6741,Jiří Slavík,4975,5240,TOP09,Středočeský,https://www.psp.cz/eknih/cdrom/2021ps/eknih/2021ps/poslanci/i6741.jpg,95
